,0,four,first,PheGate,TwinHis,SN,kingdom,Phyla,Class,EDG,Function,Sort
0,A0A858ZNJ3,YNSVAV,Y,FF,HH,S,Bacteria,Pseudomonadota,Betaproteobacteria,E,,
1,A0A1H9M798,YNNTAV,Y,FF,HH,S,Bacteria,Pseudomonadota,Betaproteobacteria,E,,
2,B0DY50,YNSMMV,Y,FF,HH,S,Eukaryota,Basidiomycota,Agaricomycetes,E,,
3,P69680,YNSMGV,Y,FF,HH,S,Bacteria,Pseudomonadota,Gammaproteobacteria,E,,
4,A0A3G9G4Q4,YNATAT,Y,FF,HH,S,Bacteria,Pseudomonadota,Alphaproteobacteria,E,,
5,A0A149UP06,YNATAS,Y,FF,HH,S,Bacteria,Pseudomonadota,Alphaproteobacteria,E,,
6,F2G6G4,ENLFSS,E,FF,HH,N,Bacteria,Pseudomonadota,Gammaproteobacteria,E,,
7,A0A2M9D7S8,YKSMAS,Y,FF,HH,S,Bacteria,Actinomycetota,Actinomycetes,D,,
8,A0A034WGQ2,ENDITS,E,FF,HH,N,Eukaryota,Arthropoda,Insecta,-,,
9,I0KDC6,YNSTAT,Y,FF,HH,I,Bacteria,Bacteroidota,Cytophagia,-,,
10,F8D7H6,ENTWTS,E,FF,HH,N,Archaea,Methanobacteriota,Halobacteria,G,,
11,K9W4V5,ENVFTS,E,FF,HH,N,Bacteria,Cyanobacteriota,Cyanophyceae,E,,
12,Q466Y3,ENTVTS,E,FF,HH,N,Archaea,Methanobacteriota,Methanomicrobia,E,,
13,D2SE15,YSNMAS,Y,FF,HH,S,Bacteria,Actinomycetota,Actinomycetes,D,,
14,A0A377PBY1,YKSLGV,Y,FF,HH,S,Bacteria,Pseudomonadota,Gammaproteobacteria,E,,
15,B1JZ69,YNATAC,Y,FF,HH,S,Bacteria,Pseudomonadota,Betaproteobacteria,D,,
16,A0A2W5HTC3,YNATAL,Y,FF,HH,S,Bacteria,Bdellovibrionota,Bdellovibrionia,D,,
17,A8G2S3,ENVFTS,E,FF,HH,N,Bacteria,Cyanobacteriota,Cyanophyceae,E,,
18,D5T4N9,YNHTAT,Y,FF,HH,S,Bacteria,Bacillota,Bacilli,G,,
19,Q2RWY7,QGGSLA,Q,FL,HH,Q,Bacteria,Pseudomonadota,Alphaproteobacteria,E,,
20,A0A0E3R4G0,ENVY--,E,FF,HH,N,Archaea,Methanobacteriota,Methanomicrobia,-,,
21,I4C9L0,YKSTAS,Y,FF,HH,S,Bacteria,Thermodesulfobacteriota,Desulfomonilia,E,,
22,D5VJ32,YNSVAV,Y,FF,HH,S,Bacteria,Pseudomonadota,Alphaproteobacteria,E,,
23,C0Z5S5,ETTFAW,E,FF,HH,N,Bacteria,Bacillota,Bacilli,-,,
24,C1N6X9,CNDATS,C,FF,HH,N,Eukaryota,Chlorophyta,Mamiellophyceae,E,,
25,J7ITF6,YNSIAS,Y,FF,EH,S,Bacteria,Bacillota,Clostridia,-,,
26,A0A068SVR1,YNSVAV,Y,FF,HH,S,Bacteria,Pseudomonadota,Alphaproteobacteria,E,,
27,A0A0D7F328,YNATAA,Y,FF,HH,S,Bacteria,Pseudomonadota,Alphaproteobacteria,D,,
28,Q0G0A4,YNSVAV,Y,FF,HH,S,Bacteria,Pseudomonadota,Alphaproteobacteria,E,,
29,F0J3F9,YNAMVL,Y,FF,HH,S,Bacteria,Pseudomonadota,Alphaproteobacteria,D,,
30,Q0BQ69,YKATAA,Y,FF,HH,S,Bacteria,Pseudomonadota,Alphaproteobacteria,D,,
31,F2YIC4,M---LF,M,FF,HH,N,Eukaryota,Arthropoda,Malacostraca,G,Detoxification,Only Rh
32,D4XLN6,YNSTAS,Y,FF,HH,S,Bacteria,Pseudomonadota,Gammaproteobacteria,E,,
33,A0A420WC79,ENLYSS,E,FF,HH,N,Bacteria,Pseudomonadota,Alphaproteobacteria,E,,
34,A0A5C5TUT2,YNSVAV,Y,FF,HH,S,Bacteria,Pseudomonadota,Gammaproteobacteria,E,,
35,A0RUZ2,YNNVAV,Y,FF,HH,T,Archaea,Nitrososphaerota,,D,,
36,A0A0A2ZRL7,YNATAT,Y,FF,HH,S,Bacteria,Pseudomonadota,Gammaproteobacteria,E,,
37,J4UGB7,YSQLAI,Y,FF,HH,S,Eukaryota,Ascomycota,Sordariomycetes,D,,
38,E5Y678,YKTIAT,Y,FF,HH,V,Bacteria,Thermodesulfobacteriota,Desulfovibrionia,G,,
39,A0A0D2KGN8,YNSMMI,Y,FF,HH,S,Eukaryota,Basidiomycota,Agaricomycetes,E,,
40,S5ABR8,ENLFSS,E,FF,HH,N,Bacteria,Pseudomonadota,Gammaproteobacteria,E,,
41,A9DQM8,ENDITS,E,FF,HH,N,Bacteria,Bacteroidota,Flavobacteriia,G,,
42,G5EB13,YSSLAV,Y,FF,HH,S,Eukaryota,Ascomycota,Eurotiomycetes,E,,
43,A0A2N6NEK4,YSSMAV,Y,FF,EH,S,Eukaryota,Ascomycota,Sordariomycetes,E,,
44,C6DB68,YNSMAV,Y,FF,HH,S,Bacteria,Pseudomonadota,Gammaproteobacteria,E,,
45,Q81GN5,YKSTAS,Y,FF,HH,C,Bacteria,Bacillota,Bacilli,E,,
46,Q0F2M5,EVDFAS,E,FF,HH,N,Bacteria,Pseudomonadota,Zetaproteobacteria,E,,
47,A0A0C6P439,YNSVAV,Y,FF,HH,S,Bacteria,Pseudomonadota,Betaproteobacteria,E,,
48,B9SWW9,YWNSIA,Y,FF,HH,Q,Eukaryota,Streptophyta,Magnoliopsida,A,,
49,L8H5K0,M---LF,M,FF,HH,N,Eukaryota,Discosea,,G,,
50,Q9NIV0,M---MY,M,FF,HH,N,Eukaryota,Evosea,Eumycetozoa,G,Unknown,Both
51,C1N5A7,CNDATS,C,FF,HH,N,Eukaryota,Chlorophyta,Mamiellophyceae,E,,
52,Q1JXS5,YKSTAS,Y,FF,HH,S,Bacteria,Thermodesulfobacteriota,Desulfuromonadia,E,,
53,A0A1M6JKY3,YKGTAS,Y,FF,HH,S,Bacteria,Thermodesulfobacteriota,Desulfobacteria,E,,
54,F4D1J0,YSNMAS,Y,FF,HH,S,Bacteria,Actinomycetota,Actinomycetes,D,,
55,A0A257SYX3,YWNSVA,Y,FF,HH,Q,Bacteria,Pseudomonadota,Acidithiobacillia,G,,
56,V4RK08,ENAFSS,E,FF,HH,S,Bacteria,Pseudomonadota,Alphaproteobacteria,E,,
57,G0V8D6,YSSLSA,Y,FF,EH,S,Eukaryota,Ascomycota,Saccharomycetes,E,,
58,A0A7S4GMD8,CNDATA,C,FF,HH,N,Eukaryota,,Dinophyceae,E,,
59,B3QVV5,YNSTAT,Y,FF,HH,V,Bacteria,Chlorobiota,Chlorobiia,-,,
60,F2JZ83,EIDFAS,E,FF,HH,N,Bacteria,Pseudomonadota,Gammaproteobacteria,E,,
61,A0A857DDJ7,YHSIAT,Y,FF,HH,S,Bacteria,Bacillota,Clostridia,-,,
62,A0A0S6UHP2,ENVFTT,E,FF,HH,N,Bacteria,Bacillota,Clostridia,-,,
63,D5EP71,YNSVGV,Y,FF,HH,T,Bacteria,Verrucomicrobiota,Opitutia,E,,
64,F4KY49,YNSTAT,Y,FF,HH,I,Bacteria,Bacteroidota,Saprospiria,E,,
65,M5S9B4,ENDLTS,E,FF,HH,N,Bacteria,Planctomycetota,Planctomycetia,G,,
66,A0A009PYN3,YKSTAS,Y,FF,HH,S,Bacteria,Pseudomonadota,Gammaproteobacteria,-,,
67,A0A3T0SZ22,YSSMAS,Y,FF,HH,S,Bacteria,Actinomycetota,Actinomycetes,D,,
68,A0A248LMH8,YNSTAA,Y,FF,HH,S,Bacteria,Pseudomonadota,Betaproteobacteria,E,,
69,A0A6H9GEE4,ENVFTS,E,FF,HH,N,Bacteria,Cyanobacteriota,Cyanophyceae,E,,
70,A7HSP2,YKAMAT,Y,FF,HH,T,Bacteria,Pseudomonadota,Alphaproteobacteria,D,,
71,A0A7V8IKS6,YNSMAV,Y,FF,HH,S,Bacteria,Pseudomonadota,Gammaproteobacteria,E,,
72,T2JFS5,ENVFTS,E,FF,HH,N,Bacteria,Cyanobacteriota,Cyanophyceae,E,,
73,F6FRU9,YSNMAS,Y,FF,HH,S,Bacteria,Actinomycetota,Actinomycetes,D,,
74,A0A9E9L9J1,YNSVVV,Y,FF,HH,S,Bacteria,Pseudomonadota,Betaproteobacteria,E,,
75,A0AIW5,YNSTAS,Y,FF,HH,S,Bacteria,Bacillota,Bacilli,E,,
76,A0A0E9NHV4,YSSLAI,Y,FF,HH,S,Eukaryota,Ascomycota,,E,,
77,Q2N625,YNSTAL,Y,FF,HH,S,Bacteria,Pseudomonadota,Alphaproteobacteria,E,,
78,C8WSI9,YKTTAV,Y,FF,HH,A,Bacteria,Bacillota,Bacilli,E,,
79,A0A1H1BPD6,YSNMAS,Y,FF,HH,S,Bacteria,Actinomycetota,Actinomycetes,D,,
80,A0A176XNC5,YNSVAV,Y,FF,HH,S,Bacteria,Pseudomonadota,Betaproteobacteria,E,,
81,A0A4V0XUI3,ENVFTS,E,FF,HH,N,Bacteria,Cyanobacteriota,Cyanophyceae,E,,
82,A7S3L2,ENDVTS,E,FF,HH,T,Eukaryota,Cnidaria,Anthozoa,E,,
83,M5U2P1,ENDLTS,E,FF,HH,N,Bacteria,Planctomycetota,Planctomycetia,G,,
84,K9P5D1,YKNCAS,Y,FF,HH,T,Bacteria,Cyanobacteriota,Cyanophyceae,-,,
85,Q0F2M7,YNSVVI,Y,FF,HH,S,Bacteria,Pseudomonadota,Zetaproteobacteria,E,,
86,A0A2R3IMJ8,YNSIAV,Y,FF,HH,S,Bacteria,Pseudomonadota,Gammaproteobacteria,E,,
87,Q2RVB5,YKATAT,Y,FF,HH,S,Bacteria,Pseudomonadota,Alphaproteobacteria,E,,
88,A0A556RTU3,YNSMCL,Y,FF,HH,S,Bacteria,Pseudomonadota,Gammaproteobacteria,E,,
89,E0TGP9,ENLYSS,E,FF,HH,N,Bacteria,Pseudomonadota,Alphaproteobacteria,E,,
90,B7G0Y1,CNDATA,C,FF,HH,N,Eukaryota,Bacillariophyta,Bacillariophyceae,E,,
91,A0A1G9P6Q0,ENLYSS,E,FF,HH,N,Bacteria,Thermodesulfobacteriota,Desulfuromonadia,E,,
92,D0LTW3,ENVFTS,E,FF,HH,N,Bacteria,Myxococcota,,E,,
93,Q6BT62,YHSLIV,Y,FF,HH,T,Eukaryota,Ascomycota,Pichiomycetes,E,,
94,Q2IK04,ENVFTS,E,FF,HH,N,Bacteria,Myxococcota,Myxococcia,E,,
95,Q6BJI7,YSSMAA,Y,FF,EH,S,Eukaryota,Ascomycota,Pichiomycetes,E,,
96,B7X047,YNSVAV,Y,FF,HH,S,Bacteria,Pseudomonadota,Betaproteobacteria,E,,
97,A0A068NPW2,YNSTAS,Y,FF,HH,S,Bacteria,Armatimonadota,Fimbriimonadia,-,,
98,A0A399NT81,YSSMAS,Y,FF,HH,S,Bacteria,Actinomycetota,Actinomycetes,D,,
99,K0F9X7,YNNMAS,Y,FF,HH,S,Bacteria,Actinomycetota,Actinomycetes,D,,
100,A0A037ZMW1,ENLFSS,E,FF,HH,N,Bacteria,Pseudomonadota,Alphaproteobacteria,E,,
101,A0A075JZ35,YNSVAI,Y,FF,HH,S,Bacteria,Pseudomonadota,Gammaproteobacteria,E,,
102,A0A369MHK2,YNNTAT,Y,FF,HH,T,Bacteria,Actinomycetota,Coriobacteriia,G,,
103,A0A1B9JPL5,YNSMCL,Y,FF,HH,S,Bacteria,Pseudomonadota,Gammaproteobacteria,E,,
104,D8PD01,YKGTAT,Y,FF,HH,S,Bacteria,Nitrospirota,Nitrospiria,E,,
105,A0A2G5BI87,YNSLGI,Y,FF,EH,S,Eukaryota,Zoopagomycota,Kickxellomycetes,E,,
106,A0A2G5BGA9,YNSMAI,Y,FF,HH,S,Eukaryota,Zoopagomycota,Kickxellomycetes,E,,
107,A0A657K391,YNSMCP,Y,FF,HH,S,Bacteria,Pseudomonadota,Gammaproteobacteria,E,,
108,P69681,YNSMGV,Y,FF,HH,S,Bacteria,Pseudomonadota,Gammaproteobacteria,E,,
109,A0A4P6UIJ8,YKSMAS,Y,FF,HH,S,Bacteria,Pseudomonadota,Betaproteobacteria,D,,
110,A0A0V8M0W6,YNSTAT,Y,FF,HH,T,Bacteria,Chloroflexota,Dehalococcoidia,E,,
111,A0A0H2XSU4,YNATAC,Y,FF,HH,S,Bacteria,Pseudomonadota,Betaproteobacteria,D,,
112,Q1Z695,EIDFAS,E,FF,HH,N,Bacteria,Pseudomonadota,Gammaproteobacteria,E,,
113,A0A7Z0V0A4,YKSTAA,Y,FF,HH,S,Bacteria,Pseudomonadota,Gammaproteobacteria,E,,
114,K0ER80,YGNMAS,Y,FF,EH,S,Bacteria,Actinomycetota,Actinomycetes,D,,
115,A0A149UWF2,YNATAS,Y,FF,HH,S,Bacteria,Pseudomonadota,Alphaproteobacteria,E,,
116,G0H0Z6,ENDWTA,E,FF,HH,N,Archaea,Methanobacteriota,Methanococci,E,,
117,G0EFF3,YRSTAS,Y,FF,HH,S,Archaea,Thermoproteota,Thermoprotei,E,,
118,C8WLL8,YNSTAT,Y,FF,HH,T,Bacteria,Actinomycetota,Coriobacteriia,G,,
119,X5CNT2,YWNSIA,Y,FF,HH,Q,Eukaryota,Streptophyta,Magnoliopsida,G,Transport,Only Amt
120,A0A4Y1MSE7,YKATAS,Y,FF,HH,S,Bacteria,Pseudomonadota,Alphaproteobacteria,D,,
121,H2CLF7,ENVFTS,E,FF,HH,N,Bacteria,Spirochaetota,Spirochaetia,E,,
122,M4VEJ9,Y---AT,Y,FF,HH,V,Bacteria,Bdellovibrionota,Bdellovibrionia,-,,
123,A0A4V2X6C2,YNSLAI,Y,FF,HH,S,Bacteria,Pseudomonadota,Gammaproteobacteria,E,,
124,A0A2K1RA77,YWNSIA,Y,FF,HH,Q,Eukaryota,Streptophyta,Magnoliopsida,G,Transport,Only Amt
125,A0A375YPN6,ENAFSS,E,FF,HH,S,Bacteria,Actinomycetota,Actinomycetes,E,,
126,A0A7M6UUM4,M---LM,M,VF,HH,N,Eukaryota,Arthropoda,Insecta,G,,
127,A0A172YCA7,YNSVAV,Y,FF,HH,T,Bacteria,Pseudomonadota,Gammaproteobacteria,E,,
128,A0A918MJ52,ENIITS,E,FF,HH,N,Bacteria,Bacteroidota,Flavobacteriia,E,,
129,A0A2S8QA29,YNSLAV,Y,FF,HH,S,Bacteria,Pseudomonadota,Gammaproteobacteria,E,,
130,A0A251XJT0,YSSMAS,Y,FF,HH,S,Bacteria,Actinomycetota,Actinomycetes,D,,
131,A0A0B4E6X7,ENIISS,E,FF,HH,S,Bacteria,Pseudomonadota,Alphaproteobacteria,E,,
132,A0A0K2STQ7,ENVVTS,E,FF,HH,N,Eukaryota,,Dinophyceae,E,,
133,A1C5Z7,YSSMAM,Y,FF,EH,S,Eukaryota,Ascomycota,Eurotiomycetes,E,,
134,C9KKP2,YNTTAT,Y,FF,HH,S,Bacteria,Bacillota,Negativicutes,E,,
135,A0A2Z4MD56,ETTFAW,E,FF,HH,N,Bacteria,Bacillota,Bacilli,-,,
136,Q9VFA9,ENDITS,E,FF,HH,N,Eukaryota,Arthropoda,Insecta,-,Sensing,Both
137,A0A502GPV4,YNSMAV,Y,FF,HH,S,Bacteria,Pseudomonadota,Gammaproteobacteria,E,,
138,I5C044,ENLYSS,E,FF,HH,N,Bacteria,Pseudomonadota,Alphaproteobacteria,E,,
139,D2V6P8,M---LF,M,FF,HH,N,Eukaryota,Heterolobosea,,G,,
140,D3RN22,EIDFAS,E,FF,HH,N,Bacteria,Pseudomonadota,Gammaproteobacteria,E,,
141,Q97L80,YKGTGT,Y,FF,HH,T,Bacteria,Bacillota,Clostridia,E,,
142,A0A0D5YN10,YKSTAS,Y,FF,HH,S,Bacteria,Pseudomonadota,Gammaproteobacteria,-,,
143,A0A1I5GN22,YSNMAS,Y,FF,HH,S,Bacteria,Actinomycetota,Actinomycetes,D,,
144,A0A1Y5E8I7,ENLYSS,E,FF,HH,N,Bacteria,Pseudomonadota,Gammaproteobacteria,E,,
145,B1Y8C9,YNSVCV,Y,FF,HH,S,Bacteria,Pseudomonadota,Betaproteobacteria,E,,
146,M5SYZ1,ENDLTS,E,FF,HH,N,Bacteria,Planctomycetota,Planctomycetia,G,,
147,Q6HM26,YKSTAS,Y,FF,HH,C,Bacteria,Bacillota,Bacilli,E,,
148,A0A379A0S9,ENLYSS,E,FF,HH,N,Bacteria,Pseudomonadota,Alphaproteobacteria,E,,
149,A0A101DCS3,YNNMAT,Y,FF,HH,S,Archaea,Methanobacteriota,Archaeoglobi,E,,
150,A0A1Y3U5V2,YNNTGT,Y,FF,HH,T,Bacteria,Actinomycetota,Coriobacteriia,G,,
151,A0A202B535,YNATAT,Y,FF,HH,S,Bacteria,Pseudomonadota,Betaproteobacteria,E,,
152,F8E6R1,ENLFSS,E,FF,HH,N,Bacteria,Deferribacterota,Deferribacteres,E,,
153,Q6ND36,YNATAA,Y,FF,HH,S,Bacteria,Pseudomonadota,Alphaproteobacteria,D,,
154,A0A8H6K7L7,YSSQAA,Y,FF,EH,S,Eukaryota,Ascomycota,Sordariomycetes,E,,
155,Q7NCB8,YNNTAS,Y,FF,HH,T,Bacteria,Cyanobacteriota,Cyanophyceae,D,,
156,A0A369MRW6,YNNTAT,Y,FF,HH,T,Bacteria,Actinomycetota,Coriobacteriia,G,,
157,C9RS76,ENVPTS,E,FF,HH,N,Bacteria,Fibrobacterota,Fibrobacteria,E,,
158,A3U857,YKSTAT,Y,FF,HH,I,Bacteria,Bacteroidota,Flavobacteriia,-,,
159,A0A127PIQ9,YNSVAI,Y,FF,HH,S,Bacteria,Pseudomonadota,Betaproteobacteria,E,,
160,B8FGW0,YKGTAS,Y,FF,HH,S,Bacteria,Thermodesulfobacteriota,Desulfobacteria,E,,
161,A0A060JMP6,YSSMAS,Y,FF,HH,S,Bacteria,Actinomycetota,Actinomycetes,D,,
162,D5V7B3,ENIYNS,E,FF,HH,N,Bacteria,Campylobacterota,Epsilonproteobacteria,E,,
163,A0A494JB70,YNSTAT,Y,FF,HH,I,Bacteria,Bacteroidota,Flavobacteriia,E,,
164,A0A5M8QF12,YSSMAS,Y,FF,HH,S,Bacteria,Actinomycetota,Actinomycetes,D,,
165,A0A8G2F3G4,YNGTAS,Y,FF,HH,S,Bacteria,Thermodesulfobacteriota,Desulfovibrionia,-,,
166,J7L3W8,YSNMAS,Y,FF,HH,S,Bacteria,Actinomycetota,Actinomycetes,D,,
167,G0JRG9,YWNSIA,Y,FF,HH,Q,Bacteria,Pseudomonadota,Acidithiobacillia,G,,
168,D3DJN2,YDNTAS,Y,FF,HH,S,Bacteria,Aquificota,Aquificia,E,,
169,A0A1Y2JH43,YNSVAV,Y,FF,HH,S,Bacteria,Pseudomonadota,Alphaproteobacteria,E,,
170,Q1L727,ENDITS,E,YF,HH,N,Eukaryota,Arthropoda,Insecta,-,Detoxification,Both
171,A0A7T2S0Z6,YNSVAV,Y,FF,HH,S,Bacteria,Pseudomonadota,Betaproteobacteria,E,,
172,A0A315S845,YANMAC,Y,FF,HH,S,Bacteria,Actinomycetota,Actinomycetes,E,,
173,A0A2S6H6B7,YNSVAV,Y,FF,HH,T,Bacteria,Pseudomonadota,Gammaproteobacteria,E,,
174,A0A1J5NTP7,YNGIAI,Y,FF,HH,S,Bacteria,Bacillota,Clostridia,E,,
175,A0A0E3QY86,YKSSAS,Y,FF,HH,T,Archaea,Methanobacteriota,Methanomicrobia,G,,
176,A0A096EEV9,YNSVAV,Y,FF,HH,S,Bacteria,Pseudomonadota,Betaproteobacteria,E,,
177,A0A380S5X4,ENVPTS,E,FF,HH,N,Bacteria,Fibrobacterota,Fibrobacteria,E,,
178,B8ZYW3,EVTWTS,E,FF,HH,N,Archaea,Methanobacteriota,Halobacteria,G,,
179,A0A2S8GEJ5,ENDFTS,E,FF,HH,N,Bacteria,Planctomycetota,Planctomycetia,-,,
180,A0A248TDF2,ETTVCL,E,FF,HH,N,Bacteria,Bacillota,Bacilli,E,,
181,B2GFN1,YGNMAS,Y,FF,HH,S,Bacteria,Actinomycetota,Actinomycetes,D,,
182,U1PPI7,ENDWTS,E,FF,HH,N,Archaea,Methanobacteriota,Halobacteria,G,,
183,C7LW88,ENDFTS,E,FF,HH,N,Bacteria,Thermodesulfobacteriota,Desulfovibrionia,-,,
184,G3A431,YNSVAI,Y,FF,HH,S,Bacteria,Pseudomonadota,Betaproteobacteria,E,,
185,A0A066ZTE4,ENLFSS,E,FF,HH,N,Bacteria,Pseudomonadota,Gammaproteobacteria,E,,
186,L7CG99,ENDLTS,E,FF,HH,N,Bacteria,Planctomycetota,Planctomycetia,G,,
187,S0ET45,YNNMAS,Y,FF,HH,T,Bacteria,Armatimonadota,Chthonomonadia,E,,
188,A0A178TA08,EQSFAW,E,FF,HH,N,Bacteria,Bacillota,Bacilli,E,,
189,H1XV27,ENDFTS,E,FF,HH,N,Bacteria,Calditrichota,Calditrichia,E,,
190,A0A6M3ZJI1,YNSVAI,Y,FF,HH,S,Bacteria,Pseudomonadota,Betaproteobacteria,E,,
191,U5DEY6,ENVFTS,E,FF,HH,N,Bacteria,Cyanobacteriota,Cyanophyceae,E,,
192,H6LFQ2,ENDFTS,E,FF,HH,N,Bacteria,Bacillota,Clostridia,G,,
193,Q6CRN0,YHSLIV,Y,FF,HH,S,Eukaryota,Ascomycota,Saccharomycetes,E,,
194,A0A4Q2EAG7,YKSMGV,Y,FF,HH,S,Bacteria,Pseudomonadota,Gammaproteobacteria,E,,
195,A0A1J5NNB8,ENVFTT,E,FF,HH,N,Bacteria,Bacillota,Clostridia,-,,
196,E3I393,YNSMAV,Y,FF,HH,S,Bacteria,Pseudomonadota,Alphaproteobacteria,E,,
197,A0A243SC06,YKITAT,Y,FF,HH,I,Bacteria,Bacteroidota,Flavobacteriia,-,,
198,D4F313,YNSLAV,Y,FF,HH,S,Bacteria,Pseudomonadota,Gammaproteobacteria,E,,
199,W0F0I7,YKSTAT,Y,FF,HH,I,Bacteria,Bacteroidota,Chitinophagia,-,,
200,A9B874,ENDFTS,E,FF,HH,N,Bacteria,Chloroflexota,Chloroflexia,E,,
201,A1D2Y5,YSSLAV,Y,FF,HH,S,Eukaryota,Ascomycota,Eurotiomycetes,E,,
202,T2J0N1,ENVFTS,E,FF,HH,N,Bacteria,Cyanobacteriota,Cyanophyceae,E,,
203,Q2FQT3,YNSMAT,Y,FF,HH,S,Archaea,Methanobacteriota,Methanomicrobia,E,,
204,A0A075WG29,ENDFTS,E,FF,HH,N,Archaea,Methanobacteriota,Archaeoglobi,E,,
205,A0A979GQ79,YNSTAV,Y,FF,HH,I,Bacteria,Bacteroidota,Chitinophagia,E,,
206,A0A381CAY8,YKSMGV,Y,FF,HH,S,Bacteria,Pseudomonadota,Gammaproteobacteria,E,,
207,A0A2G3DSU6,ENDFTS,E,FF,HH,N,Bacteria,Bacillota,Clostridia,E,,
208,A0A168EVK8,YKSMGV,Y,FF,HH,S,Bacteria,Pseudomonadota,Gammaproteobacteria,E,,
209,A0A094W9G3,ENILAW,E,FF,HH,N,Bacteria,Nitrospirota,Nitrospiria,E,,
210,A0A4R3NVT3,ENLYSS,E,FF,HH,N,Bacteria,Pseudomonadota,Alphaproteobacteria,E,,
211,W0DYY3,ENLFSS,E,FF,HH,N,Bacteria,Pseudomonadota,Gammaproteobacteria,E,,
212,G8JTW0,YSSLAA,Y,FF,EH,S,Eukaryota,Ascomycota,Saccharomycetes,E,,
213,A0A4P6UIK6,YNSVAV,Y,FF,HH,S,Bacteria,Pseudomonadota,Betaproteobacteria,E,,
214,I9P003,ENLYSS,E,FF,HH,N,Bacteria,Pseudomonadota,Gammaproteobacteria,E,,
215,G2T1Y3,ENDFTS,E,FF,HH,N,Bacteria,Bacillota,Clostridia,E,,
216,B8EMQ8,YNDTAA,Y,FF,HH,S,Bacteria,Pseudomonadota,Alphaproteobacteria,E,,
217,I6Z905,EATFTS,E,FF,HH,N,Bacteria,Ignavibacteriota,Ignavibacteria,E,,
218,E0TCV4,ENLYSS,E,FF,HH,N,Bacteria,Pseudomonadota,Alphaproteobacteria,E,,
219,A3XNG6,ENDLTS,E,FF,HH,N,Bacteria,Bacteroidota,Flavobacteriia,G,,
220,A0A087MGU4,YNSVAV,Y,FF,HH,S,Bacteria,Pseudomonadota,Gammaproteobacteria,E,,
221,A2BUP4,ENVFTS,E,FF,HH,N,Bacteria,Cyanobacteriota,Cyanophyceae,E,,
222,A0A562S8V2,YNSTAT,Y,FF,HH,S,Bacteria,Thermodesulfobacteriota,Desulfobacteria,E,,
223,A0A495DND0,YNSTAA,Y,FF,HH,S,Bacteria,Pseudomonadota,Alphaproteobacteria,E,,
224,A0A0S2FHD7,YNSVAV,Y,FF,HH,S,Bacteria,Pseudomonadota,Gammaproteobacteria,E,,
225,F3QPR6,YNSLAL,Y,FF,HH,T,Bacteria,Bacteroidota,Bacteroidia,E,,
226,A0A063Y394,ENAFSS,E,FF,HH,S,Bacteria,Pseudomonadota,Gammaproteobacteria,E,,
227,F6G5I9,YNSIAI,Y,FF,HH,S,Bacteria,Pseudomonadota,Betaproteobacteria,E,,
228,A0A323UDG5,YNATAA,Y,FF,HH,S,Bacteria,Pseudomonadota,Alphaproteobacteria,D,,
229,A0A0G9HEC5,YNSVAI,Y,FF,HH,S,Bacteria,Pseudomonadota,Gammaproteobacteria,E,,
230,B8FDY8,YNGTAT,Y,FF,HH,S,Bacteria,Thermodesulfobacteriota,Desulfobacteria,E,,
231,Q5KPM5,YNSMAL,Y,FF,EH,T,Eukaryota,Basidiomycota,Tremellomycetes,E,,
232,A0A147EQL9,YSNMAS,Y,FF,HH,S,Bacteria,Actinomycetota,Actinomycetes,D,,
233,A0A854Q6X9,YNSMVI,Y,FF,HH,S,Eukaryota,Basidiomycota,Tremellomycetes,E,,
234,C3X1J1,YNSVVV,Y,FF,HH,S,Bacteria,Pseudomonadota,Betaproteobacteria,E,,
235,A0A5B2V3B9,YNSVAV,Y,FF,HH,S,Bacteria,Pseudomonadota,Alphaproteobacteria,E,,
236,A0A258FS85,YNATAT,Y,FF,HH,S,Bacteria,Pseudomonadota,Alphaproteobacteria,E,,
237,A0A7T2W1B3,YNNTAV,Y,FF,HH,S,Bacteria,Pseudomonadota,Betaproteobacteria,E,,
238,A0A060UN76,EIDFAS,E,FF,HH,N,Bacteria,Pseudomonadota,Acidithiobacillia,E,,
239,G0JRQ3,EIDFAS,E,FF,HH,N,Bacteria,Pseudomonadota,Acidithiobacillia,E,,
240,D5UD26,YSNMAS,Y,FF,HH,S,Bacteria,Actinomycetota,Actinomycetes,D,,
241,G2ZN72,YNSVAI,Y,FF,HH,S,Bacteria,Pseudomonadota,Betaproteobacteria,E,,
242,A0AA46Q839,YNSTAT,Y,FF,HH,I,Bacteria,Myxococcota,Myxococcia,E,,
243,A5UJR1,YNNTAS,Y,FF,HH,S,Archaea,Methanobacteriota,Methanobacteria,G,,
244,L1INN6,ENDATA,E,FF,HH,N,Eukaryota,,Cryptophyceae,E,,
245,C1F584,ENVYTT,E,FF,HH,N,Bacteria,Acidobacteriota,Terriglobia,E,,
246,C5LAG4,ENDVTS,E,FF,HH,N,Eukaryota,Perkinsozoa,,E,,
247,A0A2A2MCP3,Y---AT,Y,FF,HH,T,Bacteria,Pseudomonadota,Gammaproteobacteria,N,,
248,B1Y6V4,YNSITV,Y,FF,HH,S,Bacteria,Pseudomonadota,Betaproteobacteria,E,,
249,A0A1G6ABK5,EIDFAS,E,FF,HH,N,Bacteria,Pseudomonadota,Alphaproteobacteria,E,,
250,A0A6A1TYJ4,YNSVAV,Y,FF,HH,S,Bacteria,Pseudomonadota,Alphaproteobacteria,E,,
251,A0A2T4UWF1,YSSMAS,Y,FF,HH,S,Bacteria,Actinomycetota,Actinomycetes,-,,
252,V4AP67,ENDQTS,E,FF,HH,N,Eukaryota,Mollusca,Gastropoda,E,,
253,A0A173R3W6,YNNTAT,Y,FF,HH,T,Bacteria,Bacillota,Clostridia,-,,
254,C7NND3,ENTWTS,E,FF,HH,N,Archaea,Methanobacteriota,Halobacteria,G,,
255,B0DFJ4,YNSMAV,Y,FF,HH,S,Eukaryota,Basidiomycota,Agaricomycetes,E,,
256,A0A3E2VY88,EATFTS,E,FF,HH,N,Bacteria,Bacillota,Clostridia,E,,
257,R1EDV9,ENDATS,E,FF,HH,N,Eukaryota,Haptophyta,,E,,
258,J1L5M8,YNSMAT,Y,FF,EH,S,Archaea,Methanobacteriota,Methanomicrobia,E,,
259,D7G265,ENDSTS,E,FF,HH,N,Eukaryota,,Phaeophyceae,E,,
260,Q8ERT9,ENTITS,E,FF,HH,N,Bacteria,Bacillota,Bacilli,E,,
261,I4D6Z9,ENTFTS,E,FF,HH,S,Bacteria,Bacillota,Clostridia,-,,
262,A0A4R6DFU8,YSSMAS,Y,FF,HH,S,Bacteria,Actinomycetota,Actinomycetes,-,,
263,A0A060URC3,YWNSIA,Y,FF,HH,Q,Bacteria,Pseudomonadota,Acidithiobacillia,G,,
264,D2BIB2,YNSTAT,Y,FF,HH,T,Bacteria,Chloroflexota,Dehalococcoidia,E,,
265,F5ISF6,YNSIAI,Y,FF,HH,T,Bacteria,Bacteroidota,Bacteroidia,E,,
266,A5CRL2,YSSMAS,Y,FF,HH,S,Bacteria,Actinomycetota,Actinomycetes,D,,
267,A0A6G9XJV9,YGNMAS,Y,FF,EH,S,Bacteria,Actinomycetota,Actinomycetes,D,,
268,Q59UP8,YHSLIA,Y,FF,HH,M,Eukaryota,Ascomycota,Pichiomycetes,E,Sensing,Mep
269,A0A6N4SPH9,ENTPTS,E,FF,HH,N,Bacteria,Bacteroidota,Cytophagia,E,,
270,I0HGY4,YGNMAS,Y,FF,HH,S,Bacteria,Actinomycetota,Actinomycetes,-,,
271,X5DX97,ESTFTS,E,FF,HH,N,Bacteria,Bacteroidota,Bacteroidia,E,,
272,L1J6I4,YNCTAC,Y,FF,HH,S,Eukaryota,,Cryptophyceae,E,,
273,I1DSU5,ENLYSS,E,FF,HH,N,Bacteria,Pseudomonadota,Gammaproteobacteria,E,,
274,B9L7N1,YNNTAS,Y,FF,HH,S,Bacteria,Campylobacterota,Epsilonproteobacteria,E,,
275,Q1Z4I4,ENLYSS,E,FF,HH,N,Bacteria,Pseudomonadota,Gammaproteobacteria,E,,
276,Q21CP1,YNATAA,Y,FF,HH,S,Bacteria,Pseudomonadota,Alphaproteobacteria,D,,
277,A0A165MFD1,ENDLTS,E,FF,HH,N,Bacteria,Chlorobiota,Chlorobiia,G,,
278,V4CRP5,ENDVTS,E,FF,HH,N,Eukaryota,Mollusca,Gastropoda,E,,
279,Q7S5K0,YATMMA,Y,FF,HH,S,Eukaryota,Ascomycota,Sordariomycetes,E,,
280,A0A071MMV1,YNATAC,Y,FF,HH,S,Bacteria,Pseudomonadota,Betaproteobacteria,D,,
281,A0A149RYW7,YNATAT,Y,FF,HH,S,Bacteria,Pseudomonadota,Alphaproteobacteria,E,,
282,A0A7G5EC77,YNSVAV,Y,FF,HH,S,Bacteria,Pseudomonadota,Betaproteobacteria,E,,
283,A0A1W2GZ82,ENIPTS,E,FF,HH,N,Bacteria,Bacteroidota,Cytophagia,E,,
284,A0A7U3XVQ4,YKSTAS,Y,FF,HH,S,Bacteria,Pseudomonadota,Gammaproteobacteria,-,,
285,A0A071M4L5,YNSIAV,Y,FF,HH,S,Bacteria,Pseudomonadota,Betaproteobacteria,E,,
286,U5C2K4,ENIPTS,E,FF,HH,N,Bacteria,Bacteroidota,Cytophagia,E,,
287,A0A248LNW8,EIDFAS,E,FF,HH,N,Bacteria,Pseudomonadota,Betaproteobacteria,E,,
288,L8H844,ENDTSS,E,FF,HH,N,Eukaryota,Discosea,,E,,
289,A0A149V596,YNATAS,Y,FF,HH,S,Bacteria,Pseudomonadota,Alphaproteobacteria,E,,
290,S9QZ09,YNSVAV,Y,FF,HH,S,Bacteria,Pseudomonadota,Alphaproteobacteria,E,,
291,B1ZSW9,YNSVAL,Y,FF,HH,S,Bacteria,Verrucomicrobiota,Opitutia,E,,
292,D2BUJ8,YKSMGL,Y,FF,HH,S,Bacteria,Pseudomonadota,Gammaproteobacteria,E,,
293,A0A9Q8L398,YNSVAL,Y,FF,HH,S,Bacteria,Pseudomonadota,Gammaproteobacteria,E,,
294,M5S735,YNSVAC,Y,FF,HH,S,Bacteria,Planctomycetota,Planctomycetia,E,,
295,Q6ARH0,ENLFSS,E,FF,HH,N,Bacteria,Thermodesulfobacteriota,Desulfobulbia,E,,
296,K6W5X0,YANMAA,Y,FF,HH,S,Bacteria,Actinomycetota,Actinomycetes,D,,
297,G0JRG6,YWNSIA,Y,FF,HH,N,Bacteria,Pseudomonadota,Acidithiobacillia,G,,
298,A0A6H9FYW4,YNNTAS,Y,FF,HH,S,Bacteria,Cyanobacteriota,Cyanophyceae,E,,
299,A0A0S4WFM4,YNSVAI,Y,FF,HH,S,Bacteria,Pseudomonadota,Betaproteobacteria,E,,
300,A0A101HKN9,ENDFTS,E,FF,HH,N,Bacteria,Bacteroidota,Bacteroidia,E,,
301,Q9REX3,ENVFTS,E,FF,HH,N,Bacteria,Cyanobacteriota,Cyanophyceae,E,,
302,F0S3Z6,EIDVAS,E,FF,HH,N,Bacteria,Aquificota,Aquificia,E,,
303,A8NAG3,YNSMTI,Y,FF,HH,S,Eukaryota,Basidiomycota,Agaricomycetes,E,,
304,C6LBD3,ENDFTS,E,FF,HH,N,Bacteria,Bacillota,Clostridia,E,,
305,A0A149U2G9,YNATAS,Y,FF,HH,S,Bacteria,Pseudomonadota,Alphaproteobacteria,E,,
306,V4REY8,ENLYSS,E,FF,HH,N,Bacteria,Pseudomonadota,Alphaproteobacteria,E,,
307,A0A0H3H4I7,YKSMGV,Y,FF,HH,S,Bacteria,Pseudomonadota,Gammaproteobacteria,E,,
308,A8N2H6,YSSMAM,Y,FF,EH,S,Eukaryota,Basidiomycota,Agaricomycetes,E,,
309,S0APH6,YYNAIL,Y,FF,HH,V,Archaea,Thermoplasmatota,Thermoplasmata,E,,
310,A0A017SYR8,YNSTAA,Y,FF,HH,S,Bacteria,Myxococcota,,E,,
311,A0A1B9MZ78,YNSMCL,Y,FF,HH,S,Bacteria,Pseudomonadota,Gammaproteobacteria,E,,
312,E4T3F3,ENIY--,E,FF,HH,N,Bacteria,Bacteroidota,Bacteroidia,-,,
313,D7E934,ENTITS,E,FF,HH,N,Archaea,Methanobacteriota,Methanomicrobia,E,,
314,A0A0M3AB44,YNSTAS,Y,FF,HH,S,Bacteria,Pseudomonadota,Gammaproteobacteria,D,,
315,A9WHW6,TNDFTA,T,FF,HH,N,Bacteria,Chloroflexota,Chloroflexia,E,,
316,A0A5M4AUM9,YNSIAT,Y,FF,HH,T,Bacteria,Bacteroidota,Bacteroidia,N,,
317,A0A1X4GBG2,ENVFTS,E,FF,HH,N,Bacteria,Cyanobacteriota,Cyanophyceae,E,,
318,I4D1H5,YNSIAS,Y,FF,EH,S,Bacteria,Bacillota,Clostridia,-,,
319,A0A0E3QYF3,ENTVTS,E,FF,HH,N,Archaea,Methanobacteriota,Methanomicrobia,E,,
320,B0CQX4,YSSLSM,Y,FF,EH,S,Eukaryota,Basidiomycota,Agaricomycetes,E,,
321,A0A378YR15,YNSVAV,Y,FF,HH,S,Bacteria,Pseudomonadota,Betaproteobacteria,E,,
322,A0A495D4X4,ENLYSS,E,FF,HH,N,Bacteria,Pseudomonadota,Alphaproteobacteria,E,,
323,A0A076PL76,YNSVAV,Y,FF,HH,S,Bacteria,Pseudomonadota,Betaproteobacteria,E,,
324,Q1YDY7,YNSVAV,Y,FF,HH,S,Bacteria,Pseudomonadota,Alphaproteobacteria,E,,
325,A0A3E2UCG9,EATFTS,E,FF,HH,N,Bacteria,Bacillota,Clostridia,E,,
326,A0A2K3DPU7,M-----,M,FF,HH,N,Eukaryota,Chlorophyta,Chlorophyceae,-,,
327,A0A3R9Q7C4,YKGTAT,Y,FF,HH,S,Bacteria,Acidobacteriota,Terriglobia,E,,
328,V5U2Z4,YKSMGV,Y,FF,HH,S,Bacteria,Pseudomonadota,Gammaproteobacteria,E,,
329,K9P718,ENVFTS,E,FF,HH,N,Bacteria,Cyanobacteriota,Cyanophyceae,E,,
330,M1V7W3,TNDASA,T,FF,HH,N,Eukaryota,Rhodophyta,Bangiophyceae,E,,
331,Q6LKC8,EIDFAS,E,FF,HH,N,Bacteria,Pseudomonadota,Gammaproteobacteria,E,,
332,E5Y789,YRSTAS,Y,FF,HH,S,Bacteria,Thermodesulfobacteriota,Desulfovibrionia,-,,
333,J9Z839,YWNSIA,Y,FF,HH,Q,Bacteria,Nitrospirota,Nitrospiria,G,,
334,A0A1G7VM92,YNSVGV,Y,FF,HH,S,Bacteria,Pseudomonadota,Betaproteobacteria,E,,
335,K9Z0D3,ENTLSS,E,FF,HH,S,Bacteria,Cyanobacteriota,Cyanophyceae,E,,
336,A0A482TED1,ENDWTS,E,FF,HH,N,Archaea,Methanobacteriota,Halobacteria,E,,
337,R1EGK6,ENDATS,E,FF,HH,N,Eukaryota,Haptophyta,,E,,
338,J1ASR8,YNAMAT,Y,FF,HH,S,Archaea,Methanobacteriota,Methanomicrobia,E,,
339,A0A7U4E420,YNSTAT,Y,FF,HH,I,Bacteria,Bacteroidota,Cytophagia,E,,
340,K9YR86,ENVFTS,E,FF,HH,N,Bacteria,Cyanobacteriota,Cyanophyceae,E,,
341,A8PXT8,YNMVVC,Y,FF,HH,S,Eukaryota,Basidiomycota,Malasseziomycetes,D,,
342,A0A0U1NJW3,ENLFSS,E,FF,HH,N,Bacteria,Pseudomonadota,Alphaproteobacteria,E,,
343,B8FL88,ENDFTS,E,FF,HH,N,Bacteria,Thermodesulfobacteriota,Desulfobacteria,E,,
344,A2CCK1,ENVFTS,E,FF,HH,N,Bacteria,Cyanobacteriota,Cyanophyceae,E,,
345,D6TFE1,ENVET-,E,FF,HH,N,Bacteria,Chloroflexota,Ktedonobacteria,-,,
346,A0A2H4U5R1,YNNTAS,Y,FF,HH,S,Archaea,Methanobacteriota,Methanobacteria,G,,
347,I2GD40,YNSTAT,Y,FF,HH,I,Bacteria,Bacteroidota,Cytophagia,-,,
348,A0A060HFT5,YNNTAV,Y,FF,HH,S,Archaea,Nitrososphaerota,Nitrososphaeria,E,,
349,B1Y842,EIDFAS,E,FF,HH,N,Bacteria,Pseudomonadota,Betaproteobacteria,E,,
350,A0A0X8NXA9,YNSVAV,Y,FF,HH,S,Bacteria,Pseudomonadota,Betaproteobacteria,E,,
351,A0A0A2A5X1,ENVFTS,E,FF,HH,N,Bacteria,Cyanobacteriota,Cyanophyceae,E,,
352,A0A318FY98,YKSMGV,Y,FF,HH,S,Bacteria,Pseudomonadota,Gammaproteobacteria,E,,
353,Q7V4T8,ENVFTS,E,FF,HH,N,Bacteria,Cyanobacteriota,Cyanophyceae,E,,
354,A0A1A0DHK0,Y---VL,Y,FF,HH,S,Bacteria,Pseudomonadota,Alphaproteobacteria,E,,
355,C1A872,YSNTAS,Y,FF,HH,T,Bacteria,Gemmatimonadota,Gemmatimonadia,D,,
356,A0A395VB65,ENDFTS,E,FF,HH,N,Bacteria,Bacillota,Clostridia,E,,
357,A7MFK3,YKSMGV,Y,FF,HH,S,Bacteria,Pseudomonadota,Gammaproteobacteria,E,,
358,J4KM12,YSSMAV,Y,FF,EH,S,Eukaryota,Ascomycota,Sordariomycetes,E,,
359,A1SY01,ENDFTS,E,FF,HH,N,Bacteria,Pseudomonadota,Gammaproteobacteria,-,,
360,A0A1H4DJ49,ENLFSS,E,FF,HH,N,Bacteria,Thermodesulfobacteriota,Desulfuromonadia,E,,
361,A0A9R0NTP8,YSNMAS,Y,FF,HH,S,Bacteria,Actinomycetota,Actinomycetes,D,,
362,A3PAY4,ENVFTS,E,FF,HH,N,Bacteria,Cyanobacteriota,Cyanophyceae,E,,
363,B4CV94,YNSVAV,Y,FF,HH,S,Bacteria,Verrucomicrobiota,Spartobacteria,E,,
364,A2C095,ENVFTS,E,FF,HH,N,Bacteria,Cyanobacteriota,Cyanophyceae,E,,
365,Q2HD43,YSSLAI,Y,FF,EH,S,Eukaryota,Ascomycota,Sordariomycetes,E,,
366,A0A836M2B6,YKSTAS,Y,FF,HH,S,Bacteria,Pseudomonadota,Gammaproteobacteria,-,,
367,H6RWK9,YSNMAS,Y,FF,HH,S,Bacteria,Actinomycetota,Actinomycetes,-,,
368,A0A087EQK8,YKNTAV,Y,FF,HH,T,Bacteria,Bacillota,Bacilli,G,,
369,A0A1I0AQM4,M---LM,M,FF,HH,N,Bacteria,Pseudomonadota,Betaproteobacteria,G,,
370,L7CG11,YNSVAC,Y,FF,HH,S,Bacteria,Planctomycetota,Planctomycetia,E,,
371,A0A248LNK5,YDTIAT,Y,FF,HH,V,Bacteria,Pseudomonadota,Betaproteobacteria,G,,
372,B7FTM9,CNDATA,C,FF,H-,N,Eukaryota,Bacillariophyta,Bacillariophyceae,E,,
373,L0K9M1,ENDFTS,E,FF,HH,N,Bacteria,Bacillota,Clostridia,E,,
374,I4D6Z7,YKTIAT,Y,FF,HH,T,Bacteria,Bacillota,Clostridia,D,,
375,A0A2K1RA81,YWNSIA,Y,FF,HH,Q,Eukaryota,Streptophyta,Magnoliopsida,G,Transport,Only Amt
376,Q2WBF7,YKGTAT,Y,FF,HH,S,Bacteria,Pseudomonadota,Alphaproteobacteria,D,,
377,A0A1B9BUU6,YWNSIA,Y,FF,HH,Q,Bacteria,Pseudomonadota,Acidithiobacillia,G,,
378,A0A2S0JW39,ENTITS,E,FF,HH,N,Bacteria,Bacillota,Bacilli,E,,
379,A0A2S5YID7,YSSMAS,Y,FF,HH,S,Bacteria,Actinomycetota,Actinomycetes,D,,
380,B3PIH2,YNSVAV,Y,FF,HH,T,Bacteria,Pseudomonadota,Gammaproteobacteria,E,,
381,U3P8G1,YSSMAS,Y,FF,HH,S,Bacteria,Actinomycetota,Actinomycetes,-,,
382,C9R9J0,YNNTAS,Y,FF,HH,S,Bacteria,Bacillota,Clostridia,E,,
383,A8AC17,YRSTAA,Y,FF,HH,S,Archaea,Thermoproteota,Thermoprotei,E,,
384,F0YLV7,ENDVTS,E,FF,HH,S,Eukaryota,,Pelagophyceae,E,,
385,A0A1D3GAE9,YNSTAT,Y,FF,HH,S,Bacteria,Pseudomonadota,Betaproteobacteria,E,,
386,C1MHX0,YQTIAT,Y,FF,HH,V,Eukaryota,Chlorophyta,Mamiellophyceae,D,,
387,A0A1H4KAQ7,ENLYSS,E,FF,HH,N,Bacteria,Pseudomonadota,Alphaproteobacteria,E,,
388,A0A2T4XZC1,YKSMGV,Y,FF,HH,S,Bacteria,Pseudomonadota,Gammaproteobacteria,E,,
389,A1B3N0,YNSVAV,Y,FF,HH,S,Bacteria,Pseudomonadota,Alphaproteobacteria,E,,
390,C7LW87,YNGTAT,Y,FF,HH,S,Bacteria,Thermodesulfobacteriota,Desulfovibrionia,E,,
391,A1SZ12,ENLYSS,E,FF,HH,N,Bacteria,Pseudomonadota,Gammaproteobacteria,E,,
392,A0A2T2Y0D5,YKSMGV,Y,FF,HH,S,Bacteria,Pseudomonadota,Gammaproteobacteria,E,,
393,A0A1H8D0R8,M---LM,M,FF,HH,N,Bacteria,Pseudomonadota,Betaproteobacteria,G,,
394,A0A2S5V2F6,YNNMAA,Y,FF,HH,T,Bacteria,Actinomycetota,Actinomycetes,G,,
395,G3IYW2,YNSMAV,Y,FF,HH,S,Bacteria,Pseudomonadota,Gammaproteobacteria,E,,
396,F5L8M7,ETTFTF,E,FF,HH,N,Bacteria,Bacillota,Bacilli,E,,
397,C7BJG7,YNSLAI,Y,FF,HH,S,Bacteria,Pseudomonadota,Gammaproteobacteria,E,,
398,E4U5Z1,YKNTAS,Y,FF,HH,T,Bacteria,Deinococcota,Deinococci,G,,
399,A0A1B9K8L2,YKSMCP,Y,FF,HH,S,Bacteria,Pseudomonadota,Gammaproteobacteria,E,,
400,A0A2S5WMT7,YSSMAS,Y,FF,HH,S,Bacteria,Actinomycetota,Actinomycetes,D,,
401,A0A0D2UPA8,YNGTAS,Y,FF,HH,I,Eukaryota,,Filasterea,T,,
402,A0A161SKF4,YSSMAS,Y,FF,HH,S,Bacteria,Actinomycetota,Actinomycetes,D,,
403,B4D7W2,YKATGT,Y,FF,HH,S,Bacteria,Verrucomicrobiota,Spartobacteria,E,,
404,A0A1H3WA00,YNSVGI,Y,FF,HH,S,Bacteria,Pseudomonadota,Gammaproteobacteria,E,,
405,C1D6X6,YDTIAT,Y,FF,HH,V,Bacteria,Pseudomonadota,Betaproteobacteria,G,,
406,A0A4D6KHD1,ENTWTS,E,FF,HH,N,Archaea,Methanobacteriota,Halobacteria,G,,
407,Q488X2,ENLYSS,E,FF,HH,N,Bacteria,Pseudomonadota,Gammaproteobacteria,E,,
408,A9V5W4,M---LY,M,FF,HH,N,Eukaryota,,Choanoflagellata,G,,
409,A0A5M4ATH9,YNSTAT,Y,FF,HH,I,Bacteria,Bacteroidota,Bacteroidia,-,,
410,E4TRS4,ENTPTS,E,FF,HH,N,Bacteria,Bacteroidota,Cytophagia,E,,
411,A0A011U1K7,YNSVAV,Y,FF,HH,S,Bacteria,Pseudomonadota,Alphaproteobacteria,E,,
412,C7R314,YSNMAS,Y,FF,HH,S,Bacteria,Actinomycetota,Actinomycetes,D,,
413,A0A077EFU9,YNSTAT,Y,FF,HH,I,Bacteria,Bacteroidota,Flavobacteriia,E,,
414,A0A0A2A0Y9,ENVFTS,E,FF,HH,N,Bacteria,Cyanobacteriota,Cyanophyceae,E,,
415,A0A0D8BQX6,EQSFAW,E,FF,HH,N,Bacteria,Bacillota,Bacilli,E,,
416,A0A0L0S493,YNSLAV,Y,FF,EH,T,Eukaryota,Blastocladiomycota,Blastocladiomycetes,E,,
417,A0A328Q6M1,YNNTAS,Y,FF,HH,T,Archaea,Methanobacteriota,Methanobacteria,G,,
418,A0A016XCG9,YNSVAV,Y,FF,HH,S,Bacteria,Pseudomonadota,Betaproteobacteria,E,,
419,B7FSA7,CNDATA,C,FF,HH,N,Eukaryota,Bacillariophyta,Bacillariophyceae,E,,
420,G0AFH4,YNSVAI,Y,FF,HH,S,Bacteria,Pseudomonadota,Betaproteobacteria,E,,
421,A0A177W826,YNSLAY,Y,FF,HH,S,Eukaryota,Chytridiomycota,Chytridiomycetes,E,,
422,A0A2S8GF54,ENDFTS,E,FF,HH,N,Bacteria,Planctomycetota,Planctomycetia,E,,
423,Q1YDY8,ENLYSS,E,FF,HH,N,Bacteria,Pseudomonadota,Alphaproteobacteria,E,,
424,Q5QVH2,ENLYSS,E,FF,HH,N,Bacteria,Pseudomonadota,Gammaproteobacteria,E,,
425,A3ZT81,ENDFTS,E,FF,HH,N,Bacteria,Planctomycetota,Planctomycetia,E,,
426,A0AA35XZV0,YNSVAI,Y,FF,HH,T,Bacteria,Pseudomonadota,Gammaproteobacteria,E,,
427,F4H924,YNATAT,Y,FF,HH,S,Bacteria,Pseudomonadota,Gammaproteobacteria,E,,
428,K0NJH2,EAAFTS,E,FF,HH,N,Bacteria,Thermodesulfobacteriota,Desulfobacteria,E,,
429,A0A1V3SSW1,ENILAW,E,FF,HH,N,Bacteria,Nitrospirota,Nitrospiria,E,,
430,F2AUF4,ENDLTS,E,FF,HH,N,Bacteria,Planctomycetota,Planctomycetia,G,,
431,A6DN47,ENIVSS,E,FF,HH,N,Bacteria,Lentisphaerota,Lentisphaeria,E,,
432,W8KM07,ENLYSS,E,FF,HH,N,Bacteria,Pseudomonadota,Gammaproteobacteria,E,,
433,A0A1X3RP39,YKSVGI,Y,FF,HH,S,Bacteria,Pseudomonadota,Gammaproteobacteria,E,,
434,A0A7S0KKL8,CNDATS,C,FF,HH,N,Eukaryota,Chlorophyta,Mamiellophyceae,E,,
435,A0A318QZ80,ENVFTS,E,FF,HH,N,Bacteria,Cyanobacteriota,Cyanophyceae,E,,
436,K8VZC6,YNSLAV,Y,FF,HH,S,Bacteria,Pseudomonadota,Gammaproteobacteria,E,,
437,A0A1B9JZS5,YKSMCP,Y,FF,HH,S,Bacteria,Pseudomonadota,Gammaproteobacteria,E,,
438,A0A2S6GKN5,YNSVAV,Y,FF,HH,T,Bacteria,Pseudomonadota,Gammaproteobacteria,E,,
439,A0A4R2Z2K6,YNSMAV,Y,FF,HH,S,Bacteria,Pseudomonadota,Gammaproteobacteria,E,,
440,H1YCC3,YKLTAT,Y,FF,HH,I,Bacteria,Bacteroidota,Sphingobacteriia,-,,
441,E1QIU3,ENDFTS,E,FF,HH,N,Bacteria,Thermodesulfobacteriota,Desulfarculia,-,,
442,A0A8H6MPB9,YSSQAA,Y,FF,EH,S,Eukaryota,Ascomycota,Sordariomycetes,E,,
443,A0A369N7Y3,YNNTAT,Y,FF,HH,T,Bacteria,Actinomycetota,Coriobacteriia,G,,
444,T2IEJ2,ENVFTS,E,FF,HH,N,Bacteria,Cyanobacteriota,Cyanophyceae,E,,
445,H5UND3,YSNMAS,Y,FF,HH,S,Bacteria,Actinomycetota,Actinomycetes,D,,
446,Q1PX09,#NAME?,-,FF,HH,N,Bacteria,Planctomycetota,Brocadiia,E,Unknown,Only Amt
447,A0A149TSA9,YNATAS,Y,FF,HH,S,Bacteria,Pseudomonadota,Alphaproteobacteria,E,,
448,F2NGJ8,YNNTAI,Y,FF,HH,S,Bacteria,Thermodesulfobacteriota,Desulfobaccia,E,,
449,A0A0E3SHQ9,ENTVTS,E,FF,HH,N,Archaea,Methanobacteriota,Methanomicrobia,E,,
450,Q5FLR6,YNNTAV,Y,FF,HH,T,Bacteria,Bacillota,Bacilli,G,,
451,S0EUS1,TNAYYV,T,FF,HH,N,Bacteria,Armatimonadota,Chthonomonadia,E,,
452,A0A369M386,YNNTAT,Y,FF,HH,T,Bacteria,Actinomycetota,Coriobacteriia,G,,
453,W0DZS7,YNSVAV,Y,FF,HH,T,Bacteria,Pseudomonadota,Gammaproteobacteria,E,,
454,A8MCL4,YYNTAV,Y,FF,HH,S,Archaea,Thermoproteota,Thermoprotei,E,,
455,V3ZVE4,ENDVTS,E,FF,HH,N,Eukaryota,Mollusca,Gastropoda,E,,
456,O26757,#NAME?,-,FF,HH,S,Archaea,Methanobacteriota,Methanobacteria,E,,
457,A0A317FZW2,ENDLTS,E,FF,HH,N,Bacteria,Bacillota,Clostridia,E,,
458,A0A085GI50,YKSMGV,Y,FF,HH,S,Bacteria,Pseudomonadota,Gammaproteobacteria,E,,
459,A1ZGK6,ENIITS,E,FF,HH,N,Bacteria,Bacteroidota,Cytophagia,E,,
460,G0IYI2,ENTPTS,E,FF,HH,N,Bacteria,Bacteroidota,Cytophagia,E,,
461,A7S731,ENDVTS,E,FF,HH,T,Eukaryota,Cnidaria,Anthozoa,E,,
462,A0A1U9YY82,ENLYSS,E,FF,HH,N,Bacteria,Pseudomonadota,Alphaproteobacteria,E,,
463,A0A328EMN2,YNSTAT,Y,FF,HH,T,Bacteria,Chloroflexota,Dehalococcoidia,E,,
464,A0A8E2UDJ3,YSSMAS,Y,FF,HH,S,Bacteria,Actinomycetota,Actinomycetes,D,,
465,A0A2S5WUP6,YNNMAA,Y,FF,HH,T,Bacteria,Actinomycetota,Actinomycetes,G,,
466,A0A8H7P8U1,YNSMMI,Y,FF,HH,S,Eukaryota,Basidiomycota,Agaricomycetes,E,,
467,A0A257T7G4,YWNSIA,Y,FF,HH,Q,Bacteria,Pseudomonadota,Acidithiobacillia,G,,
468,B3MX93,ENDITS,E,FF,HH,N,Eukaryota,Arthropoda,Insecta,-,,
469,A0A1G5W0P2,YNNTAS,Y,FF,HH,T,Bacteria,Bacillota,Negativicutes,E,,
470,D4H2Y7,ENDFTS,E,FF,HH,N,Bacteria,Deferribacterota,Deferribacteres,E,,
471,A0A4P8HC89,YSNMAS,Y,FF,HH,S,Bacteria,Actinomycetota,Actinomycetes,-,,
472,Q7T070,M---LF,M,FF,HH,N,Eukaryota,Chordata,Actinopteri,G,,
473,F7NPQ3,YNSTAT,Y,FF,HH,S,Bacteria,Bacillota,Negativicutes,-,,
474,B9SA70,YWNSIG,Y,FF,HH,Q,Eukaryota,Streptophyta,Magnoliopsida,G,,
475,Q9M6N7,YWNSIA,Y,FF,HH,Q,Eukaryota,Streptophyta,Magnoliopsida,G,Transport,Only Amt
476,I7ZHW3,YNSTAA,Y,FF,HH,S,Bacteria,Pseudomonadota,Gammaproteobacteria,E,,
477,F4XTK4,ENVFTS,E,FF,HH,N,Bacteria,Cyanobacteriota,Cyanophyceae,E,,
478,A4G1J2,YNSVAV,Y,FF,HH,S,Bacteria,Pseudomonadota,Betaproteobacteria,E,,
479,G7WFX4,YNTIAT,Y,FF,HH,T,Bacteria,Bacillota,Clostridia,D,,
480,B8JBH5,YKHTAS,Y,FF,HH,S,Bacteria,Myxococcota,Myxococcia,E,,
481,D9QPC8,YNATAT,Y,FF,HH,S,Bacteria,Pseudomonadota,Alphaproteobacteria,E,,
482,A0A4R7GKA0,YNSMAV,Y,FF,HH,S,Bacteria,Pseudomonadota,Gammaproteobacteria,E,,
483,R9PMC6,EIDFAS,E,FF,HH,N,Bacteria,Pseudomonadota,Gammaproteobacteria,E,,
484,A0A0E3LMT4,ENVY--,E,FF,HH,N,Archaea,Methanobacteriota,Methanomicrobia,-,,
485,A0A511NGC7,YNSTAT,Y,FF,HH,I,Bacteria,Bacteroidota,Flavobacteriia,E,,
486,E4NS62,ENDWTS,E,FF,HH,N,Archaea,Methanobacteriota,Halobacteria,E,,
487,E4T3F7,YNNVAI,Y,FF,HH,T,Bacteria,Bacteroidota,Bacteroidia,E,,
488,M0D580,ENDWTS,E,FF,HH,N,Archaea,Methanobacteriota,Halobacteria,E,,
489,J7J5E7,YNGTAS,Y,FF,HH,S,Bacteria,Bacillota,Clostridia,-,,
490,B1XZU2,EIGTTS,E,FF,HH,N,Bacteria,Pseudomonadota,Betaproteobacteria,E,,
491,A0A366IE34,YNSMAV,Y,FF,HH,S,Bacteria,Pseudomonadota,Gammaproteobacteria,E,,
492,A0A6U2BIY7,ENDATS,E,FF,HH,N,Eukaryota,Chlorophyta,Mamiellophyceae,E,,
493,Q9QXP0,M---CF,M,FF,HH,N,Eukaryota,Chordata,Mammalia,G,Detoxification,Only Rh
494,A0A424WAH3,YNSVAV,Y,FF,HH,S,Bacteria,Pseudomonadota,Betaproteobacteria,E,,
495,A0A410K1J5,ENDFTS,E,FF,HH,N,Bacteria,Deferribacterota,Deferribacteres,E,,
496,L1IHZ8,YNSTAT,Y,FF,HH,S,Eukaryota,,Cryptophyceae,E,,
497,I8TC71,YNSVAV,Y,FF,HH,S,Bacteria,Pseudomonadota,Gammaproteobacteria,E,,
498,A0A7U8C744,ENLYSS,E,FF,HH,N,Bacteria,Pseudomonadota,Gammaproteobacteria,E,,
499,A8M670,YGNMAS,Y,FF,HH,S,Bacteria,Actinomycetota,Actinomycetes,D,,
500,A0A0S4VNK2,YNSVAI,Y,FF,HH,S,Bacteria,Pseudomonadota,Betaproteobacteria,E,,
501,Q2SIR0,EIDFAS,E,FF,HH,N,Bacteria,Pseudomonadota,Gammaproteobacteria,E,,
502,A0A5C4RNH5,YKSLAI,Y,FF,HH,S,Bacteria,Pseudomonadota,Gammaproteobacteria,E,,
503,A0A3E0X011,ENLYSS,E,FF,HH,N,Bacteria,Pseudomonadota,Gammaproteobacteria,E,,
504,A0A0E3SP24,YKSSAS,Y,FF,HH,T,Archaea,Methanobacteriota,Methanomicrobia,G,,
505,E1IF27,#NAME?,-,FF,HH,A,Bacteria,Chloroflexota,Chloroflexia,E,,
506,Q2YBP7,M---LM,M,FF,HH,N,Bacteria,Pseudomonadota,Betaproteobacteria,G,,
507,A0A2S5WZU0,YSSMAS,Y,FF,HH,S,Bacteria,Actinomycetota,Actinomycetes,D,,
508,A0A172YBR4,ENLFSS,E,FF,HH,N,Bacteria,Pseudomonadota,Gammaproteobacteria,E,,
509,A0A0K2STK6,ENVVTS,E,FF,HH,N,Eukaryota,,Dinophyceae,E,,
510,A0A2N6JV02,ENVFTS,E,FF,HH,N,Bacteria,Cyanobacteriota,Cyanophyceae,E,,
511,F0S0G1,YNNTAS,Y,FF,HH,S,Bacteria,Aquificota,Aquificia,E,,
512,A0A1C7EL50,ENTVTS,E,FF,HH,N,Bacteria,Bacillota,Bacilli,E,,
513,Q18PF5,M---LY,M,FF,HH,N,Eukaryota,Chordata,Actinopteri,G,Detoxification,Only Rh
514,A0A1I0C958,ENDFTS,E,FF,HH,N,Bacteria,Bacillota,Clostridia,E,,
515,A0AA35XVN2,YNSVAV,Y,FF,HH,S,Bacteria,Pseudomonadota,Gammaproteobacteria,E,,
516,L8GGA0,YNNTAS,Y,FF,HH,S,Eukaryota,Discosea,,E,,
517,Q3AP28,YNGTAA,Y,FF,HH,S,Bacteria,Chlorobiota,Chlorobiia,E,,
518,D0MFE9,YKNTAS,Y,FF,HH,T,Bacteria,Rhodothermota,Rhodothermia,E,,
519,J9VXX9,YNSMVI,Y,FF,HH,S,Eukaryota,Basidiomycota,Tremellomycetes,E,,
520,A0A166IS52,ENVFTS,E,FF,HH,N,Bacteria,Cyanobacteriota,Cyanophyceae,E,,
521,F0J7D3,YWNSIA,Y,FF,HH,Q,Bacteria,Pseudomonadota,Alphaproteobacteria,G,,
522,W7QG13,ENLFSS,E,FF,HH,N,Bacteria,Pseudomonadota,Gammaproteobacteria,E,,
523,A4BMY5,YNSVAV,Y,FF,HH,S,Bacteria,Pseudomonadota,Gammaproteobacteria,E,,
524,A6LV49,YNNTAT,Y,FF,HH,T,Bacteria,Bacillota,Clostridia,E,,
525,Q1H483,YNSVAV,Y,FF,HH,S,Bacteria,Pseudomonadota,Betaproteobacteria,E,,
526,A6M3G0,YNNTAT,Y,FF,HH,T,Bacteria,Bacillota,Clostridia,G,,
527,E4T0A4,YNSIAT,Y,FF,HH,T,Bacteria,Bacteroidota,Bacteroidia,N,,
528,A0A3E2UHE6,EATFTS,E,FF,HH,N,Bacteria,Bacillota,Clostridia,E,,
529,A0A174SD65,YNNTAT,Y,FF,HH,T,Bacteria,Bacillota,Clostridia,-,,
530,A0A855EH99,YNSMGV,Y,FF,HH,S,Bacteria,Pseudomonadota,Gammaproteobacteria,E,,
531,C3YB74,ENDVTS,E,FF,HH,N,Eukaryota,Chordata,Leptocardii,E,,
532,A0A074KZD8,ENIPTS,E,FF,HH,N,Bacteria,Bacteroidota,Cytophagia,E,,
533,J0S2I0,ENDFTS,E,FF,HH,N,Archaea,Methanobacteriota,Methanomicrobia,E,,
534,K9WSX4,ENDATT,E,FF,HH,N,Bacteria,Cyanobacteriota,Cyanophyceae,G,,
535,E8RLT5,YNATAA,Y,FF,HH,S,Bacteria,Pseudomonadota,Alphaproteobacteria,E,,
536,Q2FS34,YNAMAT,Y,FF,HH,S,Archaea,Methanobacteriota,Methanomicrobia,E,,
537,Q3Z7F9,YNSTAT,Y,FF,HH,T,Bacteria,Chloroflexota,Dehalococcoidia,E,,
538,Q2S8H9,ENLYSS,E,FF,HH,N,Bacteria,Pseudomonadota,Gammaproteobacteria,E,,
539,A0A060HN92,EKSVLT,E,FF,HH,N,Archaea,Nitrososphaerota,Nitrososphaeria,E,,
540,E6ME92,YKNTAT,Y,FF,HH,T,Bacteria,Bacillota,Clostridia,G,,
541,A0A172RYW3,YNNTAT,Y,FF,HH,T,Bacteria,Actinomycetota,Coriobacteriia,G,,
542,L0FU80,ENTPTS,E,FF,HH,N,Bacteria,Bacteroidota,Cytophagia,E,,
543,C8WZE0,ENDFTS,E,FF,HH,N,Bacteria,Thermodesulfobacteriota,Desulfovibrionia,E,,
544,A0A2S8F4W0,ENDFTS,E,FF,HH,N,Bacteria,Planctomycetota,Planctomycetia,E,,
545,A0A2C6C0X3,YNSLGV,Y,FF,HH,S,Bacteria,Pseudomonadota,Gammaproteobacteria,E,,
546,F3ZVV4,YNNMAT,Y,FF,HH,S,Bacteria,Bacillota,Clostridia,E,,
547,A0A7R6PER3,ENLYSS,E,FF,HH,N,Bacteria,Pseudomonadota,Gammaproteobacteria,E,,
548,A0A495WJM6,YNSTST,Y,FF,HH,I,Bacteria,Bacteroidota,Bacteroidia,-,,
549,A0A0B4DUR9,ENLFSS,E,FF,HH,N,Bacteria,Pseudomonadota,Alphaproteobacteria,E,,
550,A0A251YU48,YSSMAS,Y,FF,HH,S,Bacteria,Actinomycetota,Actinomycetes,D,,
551,A5D4I5,YNSTAS,Y,FF,HH,S,Bacteria,Bacillota,Clostridia,E,,
552,A0A2X2C038,YKSLAV,Y,FF,HH,S,Bacteria,Pseudomonadota,Gammaproteobacteria,E,,
553,A0A2A2M8K7,YKSLGV,Y,FF,HH,S,Bacteria,Pseudomonadota,Gammaproteobacteria,E,,
554,D3FBG3,YNNTAS,Y,FF,EH,T,Bacteria,Actinomycetota,Thermoleophilia,E,,
555,A0A2V4EA49,YNSMCL,Y,FF,HH,S,Bacteria,Pseudomonadota,Gammaproteobacteria,E,,
556,D0MFE8,ENDFTS,E,FF,HH,N,Bacteria,Rhodothermota,Rhodothermia,E,,
557,Q3B6Q2,YNGTAA,Y,FF,HH,S,Bacteria,Chlorobiota,Chlorobiia,E,,
558,A0A1B9KID3,YNSMCP,Y,FF,HH,S,Bacteria,Pseudomonadota,Gammaproteobacteria,E,,
559,A0A9J9ES23,EIDFAS,E,FF,HH,N,Bacteria,Pseudomonadota,Gammaproteobacteria,E,,
560,A0A3N2SFS2,YKSMGV,Y,FF,HH,S,Bacteria,Pseudomonadota,Gammaproteobacteria,E,,
561,Q0VLH1,ENLFSS,E,FF,HH,N,Bacteria,Pseudomonadota,Gammaproteobacteria,E,,
562,A0A1U9Z147,YRSIAT,Y,FF,HH,V,Bacteria,Pseudomonadota,Alphaproteobacteria,-,,
563,Q0G2T1,ENCISS,E,FF,HH,S,Bacteria,Pseudomonadota,Alphaproteobacteria,E,,
564,A6GJF5,ENVVTS,E,FF,HH,N,Bacteria,Myxococcota,,E,,
565,A0A059XXR1,YWNSIA,Y,FF,HH,Q,Bacteria,Nitrospirota,Nitrospiria,G,,
566,A0A5J6WPP9,EIDFAS,E,FF,HH,N,Bacteria,Pseudomonadota,Gammaproteobacteria,E,,
567,P41948,YHSLAL,Y,FF,HH,S,Eukaryota,Ascomycota,Saccharomycetes,E,Sensing,Mep
568,L1IUV5,YNSTAT,Y,FF,HH,S,Eukaryota,,Cryptophyceae,E,,
569,A0A2W0GQV0,YKSMGV,Y,FF,HH,S,Bacteria,Pseudomonadota,Gammaproteobacteria,E,,
570,Q1K433,ENDATS,E,FF,HH,F,Bacteria,Thermodesulfobacteriota,Desulfuromonadia,E,,
571,A0A4Y7XC43,YNSTAS,Y,FF,HH,S,Bacteria,Pseudomonadota,Gammaproteobacteria,D,,
572,D5AU98,YSSIAL,Y,FF,HH,T,Bacteria,Pseudomonadota,Alphaproteobacteria,E,,
573,E1QFA8,YNSTAT,Y,FF,HH,T,Bacteria,Thermodesulfobacteriota,Desulfarculia,E,,
574,A0A075WBP9,YNNMAT,Y,FF,HH,S,Archaea,Methanobacteriota,Archaeoglobi,E,,
575,Q0BWD0,ENLFSS,E,FF,HH,N,Bacteria,Pseudomonadota,Alphaproteobacteria,E,,
576,A0A1Y0HX98,YSNMAS,Y,FF,HH,S,Bacteria,Actinomycetota,Actinomycetes,D,,
577,A0A098S5Y7,ENIITS,E,FF,HH,N,Bacteria,Bacteroidota,Saprospiria,E,,
578,Q0I445,YNSTAT,Y,FF,HH,S,Bacteria,Pseudomonadota,Gammaproteobacteria,E,,
579,A0A1E5BXA4,ENLYSS,E,FF,HH,N,Bacteria,Pseudomonadota,Gammaproteobacteria,E,,
580,A0A2C9CK98,ENDTTT,E,FF,HH,T,Bacteria,Planctomycetota,Brocadiia,E,Sensing,Only Amt
581,G4H971,ETTFAC,E,FF,HH,N,Bacteria,Bacillota,Bacilli,E,,
582,A0A1I0BYN1,YRSTAT,Y,FF,HH,I,Bacteria,Bacteroidota,Bacteroidia,-,,
583,A0A330GB00,YKSMGV,Y,FF,HH,S,Bacteria,Pseudomonadota,Gammaproteobacteria,E,,
584,A0A2S8FR08,YNGVAC,Y,FF,HH,S,Bacteria,Planctomycetota,Planctomycetia,E,,
585,Q84KJ6,YWNSIA,Y,FF,HH,Q,Eukaryota,Streptophyta,Magnoliopsida,G,,
586,A0A2S5WGI8,YNNMAA,Y,FF,HH,T,Bacteria,Actinomycetota,Actinomycetes,G,,
587,M2ALH9,ENDLTS,E,FF,HH,N,Bacteria,Planctomycetota,Planctomycetia,G,,
588,A0A2K3DQF8,CNDATS,C,FF,HH,N,Eukaryota,Chlorophyta,Chlorophyceae,E,,
589,A0A8G2IZM3,YNSVGV,Y,FF,HH,S,Bacteria,Pseudomonadota,Alphaproteobacteria,E,,
590,F5Y3C1,YNSVSV,Y,FF,HH,S,Bacteria,Pseudomonadota,Betaproteobacteria,E,,
591,A0A370FPU0,YNSVCV,Y,FF,HH,S,Bacteria,Pseudomonadota,Betaproteobacteria,E,,
592,F5RGM7,YNSIAI,Y,FF,HH,S,Bacteria,Pseudomonadota,Betaproteobacteria,E,,
593,A0A4R4K1P9,YNSLAI,Y,FF,HH,S,Bacteria,Pseudomonadota,Gammaproteobacteria,E,,
594,R8VWI7,ENDFTS,E,FF,HH,N,Bacteria,Bacillota,Clostridia,E,,
595,A0A0A2AMW2,ENVFTS,E,FF,HH,N,Bacteria,Cyanobacteriota,Cyanophyceae,E,,
596,Q7Z1M1,ENDITS,E,FF,HH,N,Eukaryota,Arthropoda,Insecta,-,Sensing,Both
597,A0A414NWT8,YNTTAT,Y,FF,HH,S,Bacteria,Bacillota,Negativicutes,E,,
598,A0A0P6VSR8,YNSVAI,Y,FF,HH,S,Bacteria,Pseudomonadota,Alphaproteobacteria,E,,
599,A0A0L0TDW1,YNSLAV,Y,FF,HH,S,Eukaryota,Blastocladiomycota,Blastocladiomycetes,E,,
600,U3PCH5,SGRASG,S,LL,#NAME?,C,Bacteria,Actinomycetota,Actinomycetes,S,,
601,W7QGE0,YNSVAV,Y,FF,HH,T,Bacteria,Pseudomonadota,Gammaproteobacteria,E,,
602,C5BWX7,YSNMAA,Y,FF,HH,S,Bacteria,Actinomycetota,Actinomycetes,D,,
603,A0A1B9M1A9,YNSMCP,Y,FF,HH,S,Bacteria,Pseudomonadota,Gammaproteobacteria,E,,
604,B8GGC3,YNSMAT,Y,FF,EH,T,Archaea,Methanobacteriota,Methanomicrobia,E,,
605,D6SPD1,ENLYSS,E,FF,HH,N,Bacteria,Thermodesulfobacteriota,Desulfovibrionia,E,,
606,A0A0H3DR67,YNSLAT,Y,FF,HH,S,Bacteria,Pseudomonadota,Gammaproteobacteria,E,,
607,A0A4R7VEK0,YNSVAV,Y,FF,HH,S,Bacteria,Pseudomonadota,Gammaproteobacteria,E,,
608,G4R7P1,ENLFSS,E,FF,HH,N,Bacteria,Pseudomonadota,Alphaproteobacteria,E,,
609,A0A1M5ZVP9,ENDLTS,E,FF,HH,N,Bacteria,Bacillota,Clostridia,E,,
610,A0A2S5Y0D3,YSSMAS,Y,FF,HH,S,Bacteria,Actinomycetota,Actinomycetes,D,,
611,I0ICG0,ENIVTS,E,FF,HH,N,Bacteria,Planctomycetota,Phycisphaerae,G,,
612,D0L8H3,YNNMAA,Y,FF,HH,T,Bacteria,Actinomycetota,Actinomycetes,G,,
613,A0A1B9LFW3,YNSMCL,Y,FF,HH,S,Bacteria,Pseudomonadota,Gammaproteobacteria,E,,
614,Q6ND34,YNSVAV,Y,FF,HH,S,Bacteria,Pseudomonadota,Alphaproteobacteria,E,,
615,A0A6H9GWG4,ENVFTS,E,FF,HH,N,Bacteria,Cyanobacteriota,Cyanophyceae,E,,
616,Q5UZ98,ENTWTS,E,FF,HH,N,Archaea,Methanobacteriota,Halobacteria,G,,
617,A0A2S0P9T4,YNATAT,Y,FF,HH,S,Bacteria,Pseudomonadota,Betaproteobacteria,E,,
618,H2CDR5,ENDATS,E,FF,HH,N,Bacteria,Spirochaetota,Spirochaetia,E,,
619,T2KGT3,ENIITS,E,FF,HH,N,Bacteria,Bacteroidota,Flavobacteriia,E,,
620,A0A088E6Q7,YFNTGV,Y,FF,HH,N,Archaea,Thermoproteota,Thermoprotei,E,,
621,A0A258HS77,YNATAT,Y,FF,HH,S,Bacteria,Pseudomonadota,Alphaproteobacteria,E,,
622,E1V4T3,ENLFSS,E,FF,HH,N,Bacteria,Pseudomonadota,Gammaproteobacteria,E,,
623,B7GKP4,EQSFAW,E,FF,HH,N,Bacteria,Bacillota,Bacilli,E,,
624,Q9QUT0,M---LF,M,FF,HH,N,Eukaryota,Chordata,Mammalia,G,Detoxification,Only Rh
625,I3Z3H7,ENIPTS,E,FF,HH,N,Bacteria,Bacteroidota,Cytophagia,E,,
626,G7WCB6,YNGTAS,Y,FF,HH,S,Bacteria,Bacillota,Clostridia,-,,
627,A0A1Y6GLJ1,YKSMGV,Y,FF,HH,S,Bacteria,Pseudomonadota,Gammaproteobacteria,E,,
628,A0A0S2DQB6,YNSVAV,Y,FF,HH,S,Bacteria,Pseudomonadota,Gammaproteobacteria,E,,
629,Q6CRN1,YHSLIV,Y,FF,HH,S,Eukaryota,Ascomycota,Saccharomycetes,E,,
630,A0A401X433,YNATAS,Y,FF,HH,S,Bacteria,Pseudomonadota,Alphaproteobacteria,E,,
631,A7HT14,ENDFTA,E,FF,HH,N,Bacteria,Pseudomonadota,Alphaproteobacteria,E,,
632,A0A009TDB1,YKSTAS,Y,FF,HH,S,Bacteria,Pseudomonadota,Gammaproteobacteria,-,,
633,D4XSW0,EIDFAS,E,FF,HH,N,Bacteria,Pseudomonadota,Gammaproteobacteria,E,,
634,B0SRS8,ENDLTS,E,FF,HH,N,Bacteria,Spirochaetota,Spirochaetia,E,,
635,A0A149QSR6,YNATAT,Y,FF,HH,S,Bacteria,Pseudomonadota,Alphaproteobacteria,E,,
636,B1Y0E5,YNATAV,Y,FF,HH,S,Bacteria,Pseudomonadota,Betaproteobacteria,E,,
637,Q7UGU7,ENDLTS,E,FF,HH,N,Bacteria,Planctomycetota,Planctomycetia,G,,
638,A0A2S0Q8P1,ENVFTS,E,FF,HH,N,Bacteria,Cyanobacteriota,Cyanophyceae,E,,
639,F0ZPL3,ENNTTT,E,YY,HH,N,Eukaryota,Evosea,Eumycetozoa,E,,
640,A0A2T0GTU1,YGNMAS,Y,FF,HH,S,Bacteria,Actinomycetota,Actinomycetes,D,,
641,I4CCD1,YNATAT,Y,FF,HH,S,Bacteria,Thermodesulfobacteriota,Desulfomonilia,E,,
642,A0A9Q6P4A5,YNSTAT,Y,FF,HH,S,Bacteria,Pseudomonadota,Gammaproteobacteria,E,,
643,A0A418VIJ8,YNSVAV,Y,FF,HH,S,Bacteria,Pseudomonadota,Alphaproteobacteria,E,,
644,C1MX19,YNSVAV,Y,FF,HH,T,Eukaryota,Chlorophyta,Mamiellophyceae,E,,
645,A0A1B9BUZ8,YNATAV,Y,FF,HH,S,Bacteria,Pseudomonadota,Acidithiobacillia,E,,
646,K9W6F3,YRNTAS,Y,FF,HH,S,Bacteria,Cyanobacteriota,Cyanophyceae,E,,
647,Q1K8A3,YSALAI,Y,FF,HH,S,Eukaryota,Ascomycota,Sordariomycetes,D,,
648,L8GFX3,YNNTAS,Y,FF,HH,S,Eukaryota,Discosea,,E,,
649,A0A1G6ABL9,YKSTAC,Y,FF,HH,S,Bacteria,Pseudomonadota,Alphaproteobacteria,D,,
650,A0A087L0B9,YNSMAV,Y,FF,HH,S,Bacteria,Pseudomonadota,Gammaproteobacteria,E,,
651,A0A073CP02,ENVFTS,E,FF,HH,N,Bacteria,Cyanobacteriota,Cyanophyceae,E,,
652,A0A0A1ZJU5,ENVFTS,E,FF,HH,N,Bacteria,Cyanobacteriota,Cyanophyceae,E,,
653,A0A258HPP1,YNATAA,Y,FF,HH,S,Bacteria,Pseudomonadota,Alphaproteobacteria,E,,
654,A0A149QAW7,YNATAS,Y,FF,HH,S,Bacteria,Pseudomonadota,Alphaproteobacteria,E,,
655,D2V6Q5,ENGTTS,E,FF,HH,N,Eukaryota,Heterolobosea,,E,,
656,A0A1X4G8K1,YNNTAS,Y,FF,HH,T,Bacteria,Cyanobacteriota,Cyanophyceae,E,,
657,A0A067Z3S3,YNATAT,Y,FF,HH,S,Bacteria,Pseudomonadota,Alphaproteobacteria,E,,
658,A0A8F5ZDT8,YNSMAT,Y,FF,HH,S,Archaea,Methanobacteriota,Methanomicrobia,E,,
659,A0A854QN45,YNSMAL,Y,FF,EH,T,Eukaryota,Basidiomycota,Tremellomycetes,E,,
660,A0A2N7LCD7,ENLYSS,E,FF,HH,N,Bacteria,Pseudomonadota,Gammaproteobacteria,E,,
661,G7WFX2,ENTFTS,E,FF,HH,M,Bacteria,Bacillota,Clostridia,E,,
662,A0A7S4GNJ2,ENVVTS,E,FF,HH,N,Eukaryota,,Dinophyceae,E,,
663,A4G0C5,ENDWTS,E,FF,HH,N,Archaea,Methanobacteriota,Methanococci,E,,
664,A6VE60,YNSIAV,Y,FF,HH,S,Bacteria,Pseudomonadota,Gammaproteobacteria,E,,
665,A0A1S1HM83,Y-TIAT,Y,FF,HH,T,Bacteria,Pseudomonadota,Gammaproteobacteria,N,,
666,A0A037ZJY5,YNSVAV,Y,FF,HH,T,Bacteria,Pseudomonadota,Alphaproteobacteria,E,,
667,N1WR17,ENIITS,E,FF,HH,N,Bacteria,Bacteroidota,Flavobacteriia,E,,
668,Q2W5V2,EIDFAS,E,FF,HH,N,Bacteria,Pseudomonadota,Alphaproteobacteria,E,,
669,A1VIM5,YSNVSV,Y,FF,HH,S,Bacteria,Pseudomonadota,Betaproteobacteria,E,,
670,A0A1Y5E3E3,YNSIVI,Y,FF,HH,T,Bacteria,Pseudomonadota,Gammaproteobacteria,E,,
671,A0A1T4SFK4,YNATAA,Y,FF,HH,S,Bacteria,Pseudomonadota,Alphaproteobacteria,E,,
672,A7RNC3,ENDVTS,E,FF,HH,V,Eukaryota,Cnidaria,Anthozoa,E,,
673,M7XJ51,ENTPTS,E,FF,HH,N,Bacteria,Bacteroidota,Cytophagia,E,,
674,A0A399T909,YSSMAS,Y,FF,HH,S,Bacteria,Actinomycetota,Actinomycetes,D,,
675,A0A2N6P374,YSQLAI,Y,FF,HH,S,Eukaryota,Ascomycota,Sordariomycetes,D,,
676,H8L2Q4,YNSVAI,Y,FF,HH,S,Bacteria,Pseudomonadota,Gammaproteobacteria,E,,
677,D5EP68,#NAME?,-,FF,HH,N,Bacteria,Verrucomicrobiota,Opitutia,E,,
678,E6SF19,YSNMAS,Y,FF,HH,S,Bacteria,Actinomycetota,Actinomycetes,D,,
679,A0A1T4SFY6,YSNMAS,Y,FF,HH,S,Bacteria,Actinomycetota,Actinomycetes,D,,
680,D3LBI0,#NAME?,-,FF,HH,N,Bacteria,Bacillota,Bacilli,G,,
681,E6W5C1,ENIFSS,E,FF,HH,N,Bacteria,Chrysiogenota,Chrysiogenia,E,,
682,Q0VPH4,ENDLTS,E,FF,HH,N,Bacteria,Pseudomonadota,Gammaproteobacteria,E,,
683,K9WT03,YNNTAS,Y,FF,HH,T,Bacteria,Cyanobacteriota,Cyanophyceae,E,,
684,L0KW14,YNSMAT,Y,FF,HH,S,Archaea,Methanobacteriota,Methanomicrobia,E,,
685,A0A4R8H081,ENDFTS,E,FF,HH,N,Bacteria,Bacillota,Clostridia,E,,
686,A0A1B9N3H7,YNSMCL,Y,FF,HH,S,Bacteria,Pseudomonadota,Gammaproteobacteria,E,,
687,B0RC35,YSSMAS,Y,FF,HH,S,Bacteria,Actinomycetota,Actinomycetes,D,,
688,A0A420KGW4,YNSVAV,Y,FF,HH,S,Bacteria,Pseudomonadota,Betaproteobacteria,E,,
689,A0A4R3NLV5,YNSLAV,Y,FF,HH,S,Bacteria,Pseudomonadota,Gammaproteobacteria,E,,
690,Q47K18,YNSVGV,Y,FF,HH,S,Bacteria,Pseudomonadota,Betaproteobacteria,E,,
691,Q21P82,ENLFSS,E,FF,HH,N,Bacteria,Pseudomonadota,Gammaproteobacteria,E,,
692,M1WRK6,#NAME?,-,FF,HH,S,Bacteria,Thermodesulfobacteriota,Desulfovibrionia,-,,
693,A0A290XBB5,YNSVAV,Y,FF,HH,S,Bacteria,Pseudomonadota,Gammaproteobacteria,E,,
694,A0A6T9XUR2,ENLFSS,E,FF,HH,N,Bacteria,Pseudomonadota,Gammaproteobacteria,E,,
695,A0A1J1JH03,ENVFTS,E,FF,HH,N,Bacteria,Cyanobacteriota,Cyanophyceae,E,,
696,I3R0S7,ENDWTS,E,FF,HH,N,Archaea,Methanobacteriota,Halobacteria,E,,
697,A9UR54,ENDMTS,E,FF,HH,N,Eukaryota,,Choanoflagellata,G,,
698,A0A1G7H8X3,YSSIAL,Y,FF,HH,T,Bacteria,Pseudomonadota,Alphaproteobacteria,E,,
699,A0A8G2F718,ENDFTS,E,FF,HH,N,Bacteria,Thermodesulfobacteriota,Desulfovibrionia,-,,
700,Q1H0G2,ENDLTS,E,FF,HH,N,Bacteria,Pseudomonadota,Betaproteobacteria,E,,
701,D0LAL7,YSNMAS,Y,FF,HH,S,Bacteria,Actinomycetota,Actinomycetes,E,,
702,C7LQR9,ENDFTS,E,FF,HH,N,Bacteria,Thermodesulfobacteriota,Desulfovibrionia,E,,
703,A0A1G5PWV0,YKSLAI,Y,FF,HH,S,Bacteria,Pseudomonadota,Gammaproteobacteria,E,,
704,K1K628,YNSVGV,Y,FF,HH,S,Bacteria,Pseudomonadota,Gammaproteobacteria,E,,
705,B9SXC7,YWNSIA,Y,FF,HH,Q,Eukaryota,Streptophyta,Magnoliopsida,G,,
706,G7WA28,YNSIAS,Y,FF,EH,S,Bacteria,Bacillota,Clostridia,-,,
707,Q1IWN6,YGNTAS,Y,FF,HH,T,Bacteria,Deinococcota,Deinococci,-,,
708,H6LKH9,YNNTAV,Y,FF,EH,T,Bacteria,Bacillota,Clostridia,G,,
709,A0A1H7CU41,YNGTAT,Y,FF,HH,S,Bacteria,Bacillota,Negativicutes,E,,
710,G8JUJ2,YHSLIV,Y,FF,HH,S,Eukaryota,Ascomycota,Saccharomycetes,E,,
711,A0A081N2G5,ENLFSS,E,FF,HH,N,Bacteria,Pseudomonadota,Gammaproteobacteria,E,,
712,A0A074ME37,YKSTAL,Y,FF,HH,S,Bacteria,Pseudomonadota,Alphaproteobacteria,E,,
713,Q0VQH6,YNSVAV,Y,FF,HH,T,Bacteria,Pseudomonadota,Gammaproteobacteria,E,,
714,C8XB51,YSNMAA,Y,FF,HH,S,Bacteria,Actinomycetota,Actinomycetes,D,,
715,A1VIG8,YNSVTV,Y,FF,HH,S,Bacteria,Pseudomonadota,Betaproteobacteria,E,,
716,Q8GQS1,YNATAT,Y,FF,HH,S,Bacteria,Pseudomonadota,Alphaproteobacteria,E,,
717,A0A1I7FBM5,M---LM,M,FF,HH,N,Bacteria,Pseudomonadota,Betaproteobacteria,G,,
718,A0A1M6ZMI3,ENDFTS,E,FF,HH,N,Bacteria,Thermodesulfobacteriota,Desulfobacteria,E,,
719,A0A482PLH3,YNSMGV,Y,FF,HH,S,Bacteria,Pseudomonadota,Gammaproteobacteria,E,,
720,A0RXK8,YNNVAV,Y,FF,HH,T,Archaea,Nitrososphaerota,,D,,
721,D0KXQ0,EIDFAS,E,FF,HH,N,Bacteria,Pseudomonadota,Gammaproteobacteria,E,,
722,Q8JI14,M---LY,M,FF,HH,N,Eukaryota,Chordata,Actinopteri,G,,
723,A0A7T4WEP4,YWNSIA,Y,FF,HH,Q,Bacteria,Pseudomonadota,Acidithiobacillia,G,,
724,A0A4R3ZNW3,YSNMAA,Y,FF,HH,S,Bacteria,Actinomycetota,Actinomycetes,D,,
725,A0A074KY88,ENIPTS,E,FF,HH,N,Bacteria,Bacteroidota,Cytophagia,E,,
726,A0A6M3ZKU5,EIDFAS,E,FF,HH,N,Bacteria,Pseudomonadota,Betaproteobacteria,E,,
727,M1SJL5,YNSVAT,Y,FF,HH,S,Bacteria,Pseudomonadota,Gammaproteobacteria,E,,
728,A0A1W9KSU5,YNSVTV,Y,FF,HH,S,Bacteria,Pseudomonadota,Betaproteobacteria,E,,
729,E3GI40,YNDIAC,Y,FF,HH,M,Bacteria,Bacillota,Clostridia,E,,
730,A0A369NYJ2,YNNTAT,Y,FF,HH,T,Bacteria,Actinomycetota,Coriobacteriia,G,,
731,A0AA92K392,YNSVAI,Y,FF,HH,S,Bacteria,Pseudomonadota,Betaproteobacteria,E,,
732,O04161,CNDAGS,C,FF,HH,N,Eukaryota,Streptophyta,Magnoliopsida,E,Transport,Only Amt
733,A9BQZ4,YNSVAV,Y,FF,HH,S,Bacteria,Pseudomonadota,Betaproteobacteria,E,,
734,A0A6N2Z556,ENDFTS,E,FF,HH,N,Bacteria,Bacillota,Clostridia,G,,
735,A0A8H6NAG3,YSSQAA,Y,FF,EH,S,Eukaryota,Ascomycota,Sordariomycetes,E,,
736,A0A2T9X1V4,YYNSVA,Y,FF,HH,S,Archaea,Thermoproteota,Thermoprotei,E,,
737,Q2J376,YNSVAV,Y,FF,HH,S,Bacteria,Pseudomonadota,Alphaproteobacteria,E,,
738,A0A0F5EZP7,YNSVAT,Y,FF,HH,S,Bacteria,Pseudomonadota,Gammaproteobacteria,E,,
739,A0A7G5DK18,YNSIAV,Y,FF,HH,S,Bacteria,Pseudomonadota,Gammaproteobacteria,E,,
740,M9YAI9,YNSVAT,Y,FF,HH,S,Bacteria,Pseudomonadota,Gammaproteobacteria,E,,
741,D2ZRW2,YNNTAS,Y,FF,HH,S,Archaea,Methanobacteriota,Methanobacteria,G,,
742,G7UUY6,YNSIAL,Y,FF,HH,S,Bacteria,Pseudomonadota,Gammaproteobacteria,E,,
743,A0A8H4GS02,YSSLAV,Y,FF,HH,S,Eukaryota,Ascomycota,Eurotiomycetes,E,,
744,A0A2T5IHP0,M---LM,M,FF,HH,N,Bacteria,Pseudomonadota,Betaproteobacteria,G,,
745,A0A165MAC2,YNGTAA,Y,FF,HH,S,Bacteria,Chlorobiota,Chlorobiia,E,,
746,A0A7S4LPS8,ENVVTS,E,FF,HH,N,Eukaryota,,Dinophyceae,E,,
747,A0A075JIN0,YSNMAS,Y,FF,HH,S,Bacteria,Actinomycetota,Actinomycetes,D,,
748,C8X554,YNGTAS,Y,FF,HH,S,Bacteria,Thermodesulfobacteriota,Desulfovibrionia,-,,
749,B8FZP7,YNSTAS,Y,FF,HH,S,Bacteria,Bacillota,Clostridia,-,,
750,Q5KAF6,YNSMVI,Y,FF,HH,S,Eukaryota,Basidiomycota,Tremellomycetes,E,,
751,A0A427KNL6,YNSMGV,Y,FF,HH,S,Bacteria,Pseudomonadota,Gammaproteobacteria,E,,
752,A0A7G5DPV0,YNSVAV,Y,FF,HH,S,Bacteria,Pseudomonadota,Gammaproteobacteria,E,,
753,Q22947,M---LM,M,FF,HH,N,Eukaryota,Nematoda,Chromadorea,G,Unknown,Both
754,A0A1S1HRJ0,YNSLAV,Y,FF,HH,S,Bacteria,Pseudomonadota,Gammaproteobacteria,E,,
755,A0A3N1VXY4,YNSMGV,Y,FF,HH,S,Bacteria,Pseudomonadota,Gammaproteobacteria,E,,
756,A0A2S7YPJ9,YSSMAV,Y,FF,EH,S,Eukaryota,Ascomycota,Sordariomycetes,E,,
757,I0JI83,ETTITF,E,FF,HH,N,Bacteria,Bacillota,Bacilli,E,,
758,A0A7U3YMN6,YNSVAI,Y,FF,HH,S,Bacteria,Thermodesulfobacteriota,Desulfobulbia,E,,
759,Q9BLG3,ESDTTS,E,FF,HH,N,Eukaryota,Evosea,Eumycetozoa,E,Unknown,Both
760,A0A1H9RTW8,YNSVAV,Y,FF,HH,S,Bacteria,Pseudomonadota,Betaproteobacteria,E,,
761,A0A1I4W3A0,YSNMAS,Y,FF,HH,S,Bacteria,Actinomycetota,Actinomycetes,D,,
762,A0A0B4M163,M---LF,M,FF,HH,N,Eukaryota,Arthropoda,Malacostraca,G,Unknown,Only Rh
763,U2EN72,ENLYSS,E,FF,HH,N,Bacteria,Pseudomonadota,Gammaproteobacteria,E,,
764,A0A2W5VAZ2,YNSVAV,Y,FF,HH,S,Bacteria,Pseudomonadota,Alphaproteobacteria,E,,
765,E4YA63,ENDATS,E,FM,HH,D,Eukaryota,Chordata,Appendicularia,E,,
766,D5ELM4,ENDFTS,E,FF,HH,N,Bacteria,Verrucomicrobiota,Opitutia,E,,
767,M9RJS5,YNSVAV,Y,FF,HH,T,Bacteria,Pseudomonadota,Alphaproteobacteria,E,,
768,A0A2G3E8V2,ENDFTS,E,FF,HH,N,Bacteria,Bacillota,Clostridia,E,,
769,Q5FSX6,YNATAT,Y,FF,HH,S,Bacteria,Pseudomonadota,Alphaproteobacteria,E,,
770,I0HKQ8,YNSVGV,Y,FF,HH,S,Bacteria,Pseudomonadota,Betaproteobacteria,E,,
771,A0A833H2R7,ENDATS,E,FF,HH,N,Bacteria,Spirochaetota,Spirochaetia,E,,
772,B8ENL9,YNSVAI,Y,FF,HH,S,Bacteria,Pseudomonadota,Alphaproteobacteria,E,,
773,B3DUX7,YNSVAM,Y,FF,HH,T,Bacteria,Verrucomicrobiota,Methylacidiphilae,-,,
774,A0A1D8UWJ6,YNATAA,Y,FF,HH,S,Bacteria,Pseudomonadota,Alphaproteobacteria,E,,
775,D5E995,ENTITS,E,FF,HH,N,Archaea,Methanobacteriota,Methanomicrobia,E,,
776,A0A7U8C2Y6,EIDFAS,E,FF,HH,N,Bacteria,Pseudomonadota,Gammaproteobacteria,E,,
777,L0KGR8,YNATAA,Y,FF,HH,S,Bacteria,Pseudomonadota,Alphaproteobacteria,E,,
778,B0VMH1,YKSTAS,Y,FF,HH,S,Bacteria,Pseudomonadota,Gammaproteobacteria,-,,
779,P40260,YSALSA,Y,FF,EH,S,Eukaryota,Ascomycota,Saccharomycetes,E,,
780,L0JT30,ENTWTS,E,FF,HH,N,Archaea,Methanobacteriota,Halobacteria,G,,
781,C1GR74,YSSMAV,Y,FF,EH,S,Eukaryota,Ascomycota,Eurotiomycetes,E,,
782,A0A423Y4I6,YKSMGV,Y,FF,HH,S,Bacteria,Pseudomonadota,Gammaproteobacteria,E,,
783,A0A4P7UHQ5,YRSTAS,Y,FF,HH,S,Bacteria,Thermodesulfobacteriota,Desulfovibrionia,E,,
784,A0A8E2R1Y5,YSSMAS,Y,FF,HH,S,Bacteria,Actinomycetota,Actinomycetes,D,,
785,I5BYV5,ENIPTS,E,FF,HH,N,Bacteria,Bacteroidota,Cytophagia,E,,
786,A0A6B8N021,YKSMGV,Y,FF,HH,S,Bacteria,Pseudomonadota,Gammaproteobacteria,E,,
787,A0A7G5DPV1,ENLFSS,E,FF,HH,N,Bacteria,Pseudomonadota,Gammaproteobacteria,E,,
788,A0A2G5RQK9,EQSFAW,E,FF,HH,N,Bacteria,Bacillota,Bacilli,E,,
789,A0A5M4B0G1,YNGIAT,Y,FF,HH,T,Bacteria,Bacteroidota,Bacteroidia,N,,
790,A0A6S5K4J1,YKSMGV,Y,FF,HH,S,Bacteria,Pseudomonadota,Gammaproteobacteria,E,,
791,C1D4X0,YNSTAA,Y,FF,HH,S,Bacteria,Pseudomonadota,Betaproteobacteria,E,,
792,A1SVA8,EIDFAS,E,FF,HH,N,Bacteria,Pseudomonadota,Gammaproteobacteria,E,,
793,H1YF74,ENMET-,E,FF,HH,N,Bacteria,Bacteroidota,Sphingobacteriia,-,,
794,A0A8B4RWH8,YNSVAV,Y,FF,HH,S,Bacteria,Pseudomonadota,Betaproteobacteria,E,,
795,A0A0A0D6K5,YNSIAV,Y,FF,HH,S,Bacteria,Pseudomonadota,Alphaproteobacteria,D,,
796,A0A0A2BBY0,ENVFTS,E,FF,HH,N,Bacteria,Cyanobacteriota,Cyanophyceae,E,,
797,A0A089ZBW5,YNNTAS,Y,FF,HH,S,Archaea,Methanobacteriota,Methanobacteria,E,,
798,A0A068TC78,YNSVAV,Y,FF,HH,S,Bacteria,Pseudomonadota,Alphaproteobacteria,E,,
799,Q46G49,YKSSAS,Y,FF,HH,T,Archaea,Methanobacteriota,Methanomicrobia,G,,
800,A1CQ21,YSSLAV,Y,FF,HH,S,Eukaryota,Ascomycota,Eurotiomycetes,E,,
801,A0A1G6ABX1,ENLYSS,E,FF,HH,N,Bacteria,Pseudomonadota,Alphaproteobacteria,E,,
802,E1SLM7,ENLYSS,E,FF,HH,N,Bacteria,Pseudomonadota,Gammaproteobacteria,E,,
803,K5CFE5,YNSVAC,Y,FF,HH,S,Bacteria,Planctomycetota,Planctomycetia,E,,
804,Q2YLQ6,YNSTAT,Y,FF,HH,S,Bacteria,Pseudomonadota,Alphaproteobacteria,E,,
805,Q0G2V0,ENAFSS,E,FF,HH,S,Bacteria,Pseudomonadota,Alphaproteobacteria,E,,
806,A4ABK3,ENLFSS,E,FF,HH,N,Bacteria,Pseudomonadota,Gammaproteobacteria,E,,
807,A0A9Q5QVI9,YNNTAS,Y,FF,HH,T,Bacteria,Cyanobacteriota,Cyanophyceae,E,,
808,A0A4Q7Y9I7,YSNMAS,Y,FF,HH,S,Bacteria,Actinomycetota,Actinomycetes,-,,
809,A9HMD6,YNATAT,Y,FF,HH,S,Bacteria,Pseudomonadota,Alphaproteobacteria,E,,
810,K9YN27,ENVFTS,E,FF,HH,N,Bacteria,Cyanobacteriota,Cyanophyceae,E,,
811,Q9UBD6,M---CF,M,FF,HH,N,Eukaryota,Chordata,Mammalia,G,,
812,D9SI59,YNSIAV,Y,FF,HH,S,Bacteria,Pseudomonadota,Betaproteobacteria,E,,
813,Q8I0L6,M---MY,M,FF,HH,N,Eukaryota,Evosea,Eumycetozoa,G,Unknown,Both
814,A0A142VAD6,YNSTAT,Y,FF,HH,T,Bacteria,Chloroflexota,Dehalococcoidia,E,,
815,G3IYW0,YNSVAV,Y,FF,HH,T,Bacteria,Pseudomonadota,Gammaproteobacteria,E,,
816,A0A062IU58,YKSTAS,Y,FF,HH,S,Bacteria,Pseudomonadota,Gammaproteobacteria,-,,
817,R1D1H4,ENDATS,E,FF,HH,N,Eukaryota,Haptophyta,,E,,
818,A0A366XFS8,YNSVAV,Y,FF,HH,T,Bacteria,Pseudomonadota,Alphaproteobacteria,E,,
819,A0A7S4GNF3,ENVVTS,E,FF,HH,N,Eukaryota,,Dinophyceae,E,,
820,F0J6E8,YNSIAT,Y,FF,EH,S,Bacteria,Pseudomonadota,Alphaproteobacteria,E,,
821,A0A7U4DN04,YNGTAA,Y,FF,HH,S,Bacteria,Thermodesulfobacteriota,Desulfobulbia,E,,
822,V4RHR4,ENCISS,E,FF,HH,S,Bacteria,Pseudomonadota,Alphaproteobacteria,E,,
823,F7ZJM0,ENDITS,E,FF,HH,N,Bacteria,Pseudomonadota,Alphaproteobacteria,E,,
824,A0A2S5XAB8,YSSMAS,Y,FF,HH,S,Bacteria,Actinomycetota,Actinomycetes,D,,
825,U5C4L4,ENTPTS,E,FF,HH,N,Bacteria,Bacteroidota,Cytophagia,E,,
826,Q21J04,YNSVAV,Y,FF,HH,T,Bacteria,Pseudomonadota,Gammaproteobacteria,E,,
827,A0A142NNN1,YSNMAA,Y,FF,HH,S,Bacteria,Actinomycetota,Actinomycetes,D,,
828,H1Y7T6,YNSTAT,Y,FF,HH,I,Bacteria,Bacteroidota,Sphingobacteriia,-,,
829,F5R974,EIDFAS,E,FF,HH,N,Bacteria,Pseudomonadota,Betaproteobacteria,E,,
830,B0DU91,YSSLGV,Y,FF,EH,S,Eukaryota,Basidiomycota,Agaricomycetes,E,,
831,A2BP62,ENVFTS,E,FF,HH,N,Bacteria,Cyanobacteriota,Cyanophyceae,E,,
832,A7HSN9,EIDFAS,E,FF,HH,N,Bacteria,Pseudomonadota,Alphaproteobacteria,E,,
833,A0A377I7W9,YNSVAT,Y,FF,HH,S,Bacteria,Pseudomonadota,Gammaproteobacteria,E,,
834,D2RU19,ENTWTS,E,FF,HH,N,Archaea,Methanobacteriota,Halobacteria,G,,
835,G7WJN0,ENDFTS,E,FF,HH,N,Bacteria,Bacillota,Clostridia,E,,
836,E2SD33,YSNMAS,Y,FF,HH,S,Bacteria,Actinomycetota,Actinomycetes,D,,
837,A0A0D7F2Y9,YNSVAV,Y,FF,HH,S,Bacteria,Pseudomonadota,Alphaproteobacteria,E,,
838,A0AA92EGF5,YNSVAI,Y,FF,HH,S,Bacteria,Pseudomonadota,Betaproteobacteria,E,,
839,A0A9E9LXV9,YNSVAV,Y,FF,HH,S,Bacteria,Pseudomonadota,Betaproteobacteria,E,,
840,A4BEP1,EIDFAS,E,FF,HH,N,Bacteria,Pseudomonadota,Gammaproteobacteria,E,,
841,A0A0E3WZH5,ENVY--,E,FF,HH,N,Archaea,Methanobacteriota,Methanomicrobia,-,,
842,F7ZEU9,ENLYSS,E,FF,HH,N,Bacteria,Pseudomonadota,Alphaproteobacteria,E,,
843,A5E3X2,YHSLIV,Y,FF,HH,T,Eukaryota,Ascomycota,Pichiomycetes,E,,
844,A0A0A3XTJ3,YNSVAV,Y,FF,HH,S,Bacteria,Pseudomonadota,Alphaproteobacteria,E,,
845,A0A830ZZN8,YNSMGV,Y,FF,HH,S,Bacteria,Pseudomonadota,Gammaproteobacteria,E,,
846,A0A1S8D478,YNATAS,Y,FF,HH,S,Bacteria,Pseudomonadota,Alphaproteobacteria,D,,
847,J7IVQ1,ENDFTS,E,FF,HH,N,Bacteria,Bacillota,Clostridia,E,,
848,A0A2U1SS17,YNSVAI,Y,FF,HH,S,Bacteria,Pseudomonadota,Alphaproteobacteria,E,,
849,S3K1S2,YKSMGV,Y,FF,HH,S,Bacteria,Pseudomonadota,Gammaproteobacteria,E,,
850,C6XKC2,ENLYSS,E,FF,HH,N,Bacteria,Pseudomonadota,Alphaproteobacteria,E,,
851,A0A2S7YIM5,YSQLAI,Y,FF,HH,S,Eukaryota,Ascomycota,Sordariomycetes,D,,
852,K2IMJ7,ENLFSS,E,FF,HH,N,Bacteria,Pseudomonadota,Gammaproteobacteria,E,,
853,Q5P1S8,EIDFAS,E,FF,HH,N,Bacteria,Pseudomonadota,Betaproteobacteria,E,,
854,A0A7T5BFQ2,EIDFAS,E,FF,HH,N,Bacteria,Pseudomonadota,Acidithiobacillia,E,,
855,A0A556SRH6,YNSMCL,Y,FF,HH,S,Bacteria,Pseudomonadota,Gammaproteobacteria,E,,
856,A8P923,YNSMAV,Y,FF,HH,S,Eukaryota,Basidiomycota,Agaricomycetes,E,,
857,A0A7G5DKA9,ENDSTS,E,FF,HH,N,Bacteria,Pseudomonadota,Gammaproteobacteria,E,,
858,L8JUH3,ENTPTS,E,FF,HH,N,Bacteria,Bacteroidota,Cytophagia,E,,
859,A0A0D2LEF5,YSSLGM,Y,FF,EH,S,Eukaryota,Basidiomycota,Agaricomycetes,E,,
860,A0A258FTB0,YNSTAA,Y,FF,HH,S,Bacteria,Pseudomonadota,Alphaproteobacteria,E,,
861,A0A5P9P1L2,ENTWTS,E,FF,HH,N,Archaea,Methanobacteriota,Halobacteria,G,,
862,M8E0R3,EQSFAW,E,FF,HH,N,Bacteria,Bacillota,Bacilli,E,,
863,A0A6J5IRX5,YNATAC,Y,FF,HH,S,Bacteria,Pseudomonadota,Betaproteobacteria,D,,
864,W5WIX6,YSNMAS,Y,FF,HH,S,Bacteria,Actinomycetota,Actinomycetes,D,,
865,Q82X47,M---LM,M,FF,HH,N,Bacteria,Pseudomonadota,Betaproteobacteria,G,,
866,I4DBY0,YNSTAS,Y,FF,HH,S,Bacteria,Bacillota,Clostridia,-,,
867,A0A6F8TLE9,YKSTAS,Y,FF,HH,S,Bacteria,Pseudomonadota,Gammaproteobacteria,-,,
868,A0A1G7UZX2,EIDFAS,E,FF,HH,N,Bacteria,Pseudomonadota,Betaproteobacteria,E,,
869,A0A6P4JM51,ENDITS,E,FF,HH,N,Eukaryota,Arthropoda,Insecta,-,,
870,G0J614,ENIPTS,E,FF,HH,N,Bacteria,Bacteroidota,Cytophagia,E,,
871,U2WTW8,EQSFAW,E,FF,HH,N,Bacteria,Bacillota,Bacilli,E,,
872,A0A642KQG8,EVTFTS,E,FF,HH,N,Bacteria,Bacteroidota,Bacteroidia,E,,
873,Q1AUG3,EINLAW,E,FF,HH,N,Bacteria,Actinomycetota,Rubrobacteria,E,,
874,A0A6G9Y3Q0,YNNMAS,Y,FF,HH,S,Bacteria,Actinomycetota,Actinomycetes,D,,
875,B8J5X4,ENVFTS,E,FF,HH,N,Bacteria,Myxococcota,Myxococcia,E,,
876,M7NFH3,ETSFTF,E,FF,HH,N,Bacteria,Bacillota,Bacilli,E,,
877,A0A0E3R6S1,YNGIAT,Y,FF,HH,T,Archaea,Methanobacteriota,Methanomicrobia,N,,
878,Q2IHY5,YKHTAS,Y,FF,HH,S,Bacteria,Myxococcota,Myxococcia,E,,
879,A7I8Z2,YNDMAT,Y,FF,HH,S,Archaea,Methanobacteriota,Methanomicrobia,E,,
880,L1IYP4,YQSTAS,Y,FF,HH,S,Eukaryota,,Cryptophyceae,D,,
881,B4HDZ9,ENDITS,E,FF,HH,N,Eukaryota,Arthropoda,Insecta,-,,
882,A0A366WYI9,ENLFSS,E,FF,HH,N,Bacteria,Pseudomonadota,Alphaproteobacteria,E,,
883,E4TJ50,Y---AS,Y,FF,HH,S,Bacteria,Deferribacterota,Deferribacteres,-,,
884,A0A7S0ILH2,YQTMAT,Y,FF,HH,V,Eukaryota,Chlorophyta,Mamiellophyceae,D,,
885,A4BAE1,ENLFSS,E,FF,HH,N,Bacteria,Pseudomonadota,Gammaproteobacteria,E,,
886,B3QRJ4,YNGTAA,Y,FF,HH,S,Bacteria,Chlorobiota,Chlorobiia,E,,
887,A0A5C5BWI6,YNNTAT,Y,FF,HH,T,Bacteria,Actinomycetota,Coriobacteriia,G,,
888,Q7NQY2,YNATAT,Y,FF,HH,S,Bacteria,Pseudomonadota,Betaproteobacteria,E,,
889,A0A091AXI3,YNSVAV,Y,FF,HH,S,Bacteria,Pseudomonadota,Gammaproteobacteria,E,,
890,Q1QSQ2,ENLFSS,E,FF,HH,N,Bacteria,Pseudomonadota,Gammaproteobacteria,E,,
891,R4FZE3,EQSFAW,E,FF,HH,N,Bacteria,Bacillota,Bacilli,E,,
892,A0A2N0MZ27,YNSMAV,Y,FF,HH,S,Bacteria,Pseudomonadota,Gammaproteobacteria,E,,
893,A9BTK1,YNNTAV,Y,FF,HH,S,Bacteria,Pseudomonadota,Betaproteobacteria,E,,
894,A0A242NIL1,YNSMCL,Y,FF,HH,S,Bacteria,Pseudomonadota,Gammaproteobacteria,E,,
895,G0LFE3,ENDWTS,E,FF,HH,N,Archaea,Methanobacteriota,Halobacteria,G,,
896,A0A1B9NQ91,YNSMCP,Y,FF,HH,S,Bacteria,Pseudomonadota,Gammaproteobacteria,E,,
897,A0A5M5PZE2,EVTFTS,E,FF,HH,N,Bacteria,Bacteroidota,Bacteroidia,E,,
898,A0A0D2NYP3,YNSMAV,Y,FF,HH,S,Eukaryota,Basidiomycota,Agaricomycetes,E,,
899,D9QPE5,YNATAA,Y,FF,HH,S,Bacteria,Pseudomonadota,Alphaproteobacteria,E,,
900,I5B3H0,ENDFTS,E,FF,HH,N,Bacteria,Thermodesulfobacteriota,Desulfobacteria,E,,
901,L1IYW7,YNSTAC,Y,FF,HH,S,Eukaryota,,Cryptophyceae,D,,
902,C6WEW7,YSNMAS,Y,FF,HH,S,Bacteria,Actinomycetota,Actinomycetes,D,,
903,B7FW68,CNDATA,C,FF,HH,N,Eukaryota,Bacillariophyta,Bacillariophyceae,E,,
904,F4GED5,YNSVAV,Y,FF,HH,S,Bacteria,Pseudomonadota,Betaproteobacteria,E,,
905,A0A4R8GSH7,EIDWAS,E,FF,HH,N,Bacteria,Bacillota,Clostridia,E,,
906,A0A1W2H3F0,ENTPTS,E,FF,HH,N,Bacteria,Bacteroidota,Cytophagia,E,,
907,A0A3E2T713,ENDFTS,E,FF,HH,N,Bacteria,Bacillota,Clostridia,E,,
908,A0A0H3KTD3,YNSMGV,Y,FF,HH,S,Bacteria,Pseudomonadota,Gammaproteobacteria,E,,
909,A0A1Y4LM49,ENDFTS,E,FF,HH,N,Bacteria,Bacillota,Clostridia,E,,
910,G2PRJ6,ENDLTS,E,FF,HH,N,Bacteria,Bacteroidota,Flavobacteriia,G,,
911,A0A0X8X7Y7,ENLYSS,E,FF,HH,N,Bacteria,Pseudomonadota,Gammaproteobacteria,E,,
912,K8EJ02,YNNTAY,Y,FF,HH,T,Bacteria,Bacillota,Bacilli,E,,
913,A0A1L3F1X5,YNSVAV,Y,FF,HH,S,Bacteria,Pseudomonadota,Alphaproteobacteria,E,,
914,G8TK77,YNSTGV,Y,FF,HH,I,Bacteria,Bacteroidota,Chitinophagia,E,,
915,A0A855F5Y8,YKSMGV,Y,FF,HH,S,Bacteria,Pseudomonadota,Gammaproteobacteria,E,,
916,A0A975BTN0,YNNTAL,Y,FF,HH,S,Bacteria,Thermodesulfobacteriota,Desulfobacteria,D,,
917,A0A562RGZ4,EAAFTS,E,FF,HH,N,Bacteria,Thermodesulfobacteriota,Desulfobacteria,E,,
918,G5EB09,YSSMAM,Y,FF,EH,S,Eukaryota,Ascomycota,Eurotiomycetes,E,,
919,A0A833LX85,ENVFTS,E,FF,HH,N,Bacteria,Spirochaetota,Spirochaetia,E,,
920,U1H1F7,YNATAT,Y,FF,HH,S,Bacteria,Pseudomonadota,Gammaproteobacteria,E,,
921,K8W1E2,YNSLAV,Y,FF,HH,S,Bacteria,Pseudomonadota,Gammaproteobacteria,E,,
922,E3HJW8,YNSVAV,Y,FF,HH,S,Bacteria,Pseudomonadota,Betaproteobacteria,E,,
923,Q7SEH0,YSSLAV,Y,FF,EH,S,Eukaryota,Ascomycota,Sordariomycetes,E,,
924,Q47X17,YNSIVI,Y,FF,HH,T,Bacteria,Pseudomonadota,Gammaproteobacteria,E,,
925,B0DXT9,YSSLGV,Y,FF,EH,S,Eukaryota,Basidiomycota,Agaricomycetes,E,,
926,A0A3G9G2C9,YNATAA,Y,FF,HH,S,Bacteria,Pseudomonadota,Alphaproteobacteria,E,,
927,Q95P70,M---LF,M,FF,HH,N,Eukaryota,Arthropoda,Malacostraca,G,Detoxification,Only Rh
928,A0A837C6X5,YNSVAV,Y,FF,HH,S,Bacteria,Pseudomonadota,Alphaproteobacteria,E,,
929,Q89WR5,YNSVAV,Y,FF,HH,S,Bacteria,Pseudomonadota,Alphaproteobacteria,E,,
930,A6DUG4,ENIVSS,E,FF,HH,N,Bacteria,Lentisphaerota,Lentisphaeria,E,,
931,D7UQE2,M---LM,M,FF,HH,N,Eukaryota,Chordata,Leptocardii,G,,
932,A0A2I1M481,YAHMAS,Y,FF,HH,S,Bacteria,Actinomycetota,Actinomycetes,E,,
933,A0A0T7GZ59,YNSVAI,Y,FF,HH,S,Bacteria,Pseudomonadota,Alphaproteobacteria,E,,
934,O66395,YNSVAF,Y,FF,HH,S,Bacteria,Pseudomonadota,Alphaproteobacteria,E,,
935,J3EXK0,ENDWTS,E,FF,HH,N,Archaea,Methanobacteriota,Halobacteria,E,,
936,A0A1B9MYL7,YNSICL,Y,FF,HH,S,Bacteria,Pseudomonadota,Gammaproteobacteria,E,,
937,K9U8C7,ENVFTS,E,FF,HH,N,Bacteria,Cyanobacteriota,Cyanophyceae,E,,
938,E2SD44,YSSMAS,Y,FF,HH,S,Bacteria,Actinomycetota,Actinomycetes,D,,
939,H6LKH6,YNNTAV,Y,FF,HH,T,Bacteria,Bacillota,Clostridia,G,,
940,Q605Y6,YNSVAV,Y,FF,HH,S,Bacteria,Pseudomonadota,Gammaproteobacteria,E,,
941,A0A9Q9D9I3,YNSVAV,Y,FF,HH,S,Bacteria,Pseudomonadota,Alphaproteobacteria,E,,
942,A0A6N2TIA4,ENDFTS,E,FF,HH,N,Bacteria,Bacillota,Clostridia,E,,
943,A0A1E3PQH0,YNNLTV,Y,FF,HH,S,Eukaryota,Ascomycota,Dipodascomycetes,E,,
944,A4CMI3,ENIITS,E,FF,HH,N,Bacteria,Bacteroidota,Flavobacteriia,E,,
945,Q1K0H9,ENLFSS,E,FF,HH,N,Bacteria,Thermodesulfobacteriota,Desulfuromonadia,E,,
946,A0A0S6UEK9,YNGIAT,Y,FF,HH,S,Bacteria,Bacillota,Clostridia,E,,
947,A0A0H3LUA3,YNSVAV,Y,FF,HH,S,Bacteria,Pseudomonadota,Betaproteobacteria,E,,
948,B9LU00,ENTWTS,E,FF,HH,N,Archaea,Methanobacteriota,Halobacteria,G,,
949,A9BIZ7,ENDFTS,E,FF,HH,N,Bacteria,Thermotogota,Thermotogae,E,,
950,A0A7H8UK07,YNSMGV,Y,FF,HH,S,Bacteria,Pseudomonadota,Gammaproteobacteria,E,,
951,E3H8C9,ENDFTS,E,FF,HH,N,Bacteria,Fusobacteriota,Fusobacteriia,E,,
952,M2A398,YNSVAC,Y,FF,HH,S,Bacteria,Planctomycetota,Planctomycetia,E,,
953,Q1QS12,YNATAC,Y,FF,HH,S,Bacteria,Pseudomonadota,Alphaproteobacteria,D,,
954,G0VI62,YHSLIL,Y,FF,HH,S,Eukaryota,Ascomycota,Saccharomycetes,E,,
955,A0A1Z3MS36,YKSMGV,Y,FF,HH,S,Bacteria,Pseudomonadota,Gammaproteobacteria,E,,
956,A0A0B5FNH4,ENLYSS,E,FF,HH,N,Bacteria,Thermodesulfobacteriota,Desulfuromonadia,E,,
957,D9SI36,EIDFAS,E,FF,HH,N,Bacteria,Pseudomonadota,Betaproteobacteria,E,,
958,A0A410JZR4,YNNTAS,Y,FF,HH,S,Bacteria,Deferribacterota,Deferribacteres,E,,
959,F7ZJZ1,ENAFSS,E,FF,HH,S,Bacteria,Pseudomonadota,Alphaproteobacteria,E,,
960,F0ZCX7,M---MY,M,FF,HH,N,Eukaryota,Evosea,Eumycetozoa,G,,
961,W0DZX1,EIDFAS,E,FF,HH,N,Bacteria,Pseudomonadota,Gammaproteobacteria,E,,
962,A0A4R3ZZ35,YSNMAS,Y,FF,HH,S,Bacteria,Actinomycetota,Actinomycetes,-,,
963,A0A317G0I6,ENDFTS,E,FF,HH,N,Bacteria,Bacillota,Clostridia,E,,
964,Q0ARJ4,YNSTAA,Y,FF,HH,S,Bacteria,Pseudomonadota,Alphaproteobacteria,E,,
965,A7I8Z4,YNSMTT,Y,FF,EH,S,Archaea,Methanobacteriota,Methanomicrobia,E,,
966,T2KJ59,ENDITS,E,FF,HH,N,Bacteria,Bacteroidota,Flavobacteriia,G,,
967,I3C0V3,ENDLTS,E,FF,HH,N,Bacteria,Bacteroidota,Flavobacteriia,E,,
968,E3H8A6,EGDFTS,E,FF,HH,N,Bacteria,Fusobacteriota,Fusobacteriia,E,,
969,B2IJT1,YKSIAI,Y,FF,HH,S,Bacteria,Pseudomonadota,Alphaproteobacteria,E,,
970,A0A2G6JLT9,EIDFAS,E,FF,HH,N,Bacteria,Pseudomonadota,Gammaproteobacteria,E,,
971,A3ZZL7,YNSVAC,Y,FF,HH,S,Bacteria,Planctomycetota,Planctomycetia,E,,
972,A0A2T0XPP2,ENDFTS,E,FF,HH,N,Bacteria,Bacteroidota,Bacteroidia,E,,
973,Q31CR9,ENVFTS,E,FF,HH,N,Bacteria,Cyanobacteriota,Cyanophyceae,E,,
974,A0A1R1IDV3,YNSVAV,Y,FF,HH,S,Bacteria,Pseudomonadota,Betaproteobacteria,E,,
975,K2JVF8,ENLYSS,E,FF,HH,N,Bacteria,Pseudomonadota,Alphaproteobacteria,E,,
976,V5BYZ7,YNSVAI,Y,FF,HH,S,Bacteria,Pseudomonadota,Gammaproteobacteria,E,,
977,D8J4C6,ENTWTS,E,FF,HH,N,Archaea,Methanobacteriota,Halobacteria,G,,
978,D4H5F9,ENDFTS,E,FF,HH,N,Bacteria,Deferribacterota,Deferribacteres,E,,
979,K9ZG59,YNNTAS,Y,FF,HH,T,Bacteria,Cyanobacteriota,Cyanophyceae,E,,
980,A0AA86YS65,YNALAV,Y,FF,HH,S,Bacteria,Pseudomonadota,Gammaproteobacteria,E,,
981,Q608B6,EIDFAS,E,FF,HH,N,Bacteria,Pseudomonadota,Gammaproteobacteria,E,,
982,A0A562BXM4,YNSVAV,Y,FF,HH,S,Bacteria,Pseudomonadota,Gammaproteobacteria,E,,
983,A0A401WXG0,Y---VL,Y,FF,HH,S,Bacteria,Pseudomonadota,Alphaproteobacteria,E,,
984,A0A857DMN9,YRSMAT,Y,FF,HH,S,Bacteria,Bacillota,Clostridia,-,,
985,A0A1X6N3Q5,YNSMMI,Y,FF,HH,S,Eukaryota,Basidiomycota,Agaricomycetes,E,,
986,A0A173R3X4,ENDFTS,E,FF,HH,N,Bacteria,Bacillota,Clostridia,E,,
987,Q63EK5,YKSTAS,Y,FF,HH,C,Bacteria,Bacillota,Bacilli,E,,
988,K9ZLY2,ENDATT,E,FF,HH,N,Bacteria,Cyanobacteriota,Cyanophyceae,G,,
989,A0A533I6R2,YNSVAV,Y,FF,HH,S,Bacteria,Pseudomonadota,Alphaproteobacteria,E,,
990,I0WJ97,ENIITS,E,FF,HH,N,Bacteria,Bacteroidota,Flavobacteriia,E,,
991,K0N2R5,YNNTAL,Y,FF,HH,S,Bacteria,Thermodesulfobacteriota,Desulfobacteria,D,,
992,M0J579,ENDWTS,E,FF,HH,N,Archaea,Methanobacteriota,Halobacteria,E,,
993,B8GGC1,YNSMAT,Y,FF,HH,S,Archaea,Methanobacteriota,Methanomicrobia,E,,
994,A0A6H9GFU4,YNNTAS,Y,FF,HH,S,Bacteria,Cyanobacteriota,Cyanophyceae,E,,
995,C6CBB1,YKSMGI,Y,FF,HH,S,Bacteria,Pseudomonadota,Gammaproteobacteria,E,,
996,A0A510HHK8,EINLAW,E,FF,HH,N,Bacteria,Actinomycetota,Rubrobacteria,E,,
997,A0A1B9MBX6,YNSMCL,Y,FF,HH,S,Bacteria,Pseudomonadota,Gammaproteobacteria,E,,
998,A0A9Y2AG30,YGNMAS,Y,FF,HH,S,Bacteria,Actinomycetota,Actinomycetes,D,,
999,E8RSE4,YNATAT,Y,FF,HH,S,Bacteria,Pseudomonadota,Alphaproteobacteria,E,,
1000,F2B2B8,YNSVAC,Y,FF,HH,S,Bacteria,Planctomycetota,Planctomycetia,E,,
1001,Q7UYZ3,YNSVAC,Y,FF,HH,S,Bacteria,Planctomycetota,Planctomycetia,E,,
1002,I1YJH7,ENLFSS,E,FF,HH,N,Bacteria,Pseudomonadota,Gammaproteobacteria,E,,
1003,A0A853MG28,ENVFTS,E,FF,HH,N,Bacteria,Cyanobacteriota,Cyanophyceae,E,,
1004,A0A0L0STS6,YNSLAV,Y,FF,EH,T,Eukaryota,Blastocladiomycota,Blastocladiomycetes,E,,
1005,A0A251XU71,YSSMAS,Y,FF,HH,S,Bacteria,Actinomycetota,Actinomycetes,D,,
1006,Q60BI2,YNSVAL,Y,FF,HH,T,Bacteria,Pseudomonadota,Gammaproteobacteria,E,,
1007,A0A829X098,YNATAT,Y,FF,HH,S,Bacteria,Pseudomonadota,Alphaproteobacteria,E,,
1008,F3KUN4,YNSVAV,Y,FF,HH,S,Bacteria,Pseudomonadota,Betaproteobacteria,E,,
1009,Q60C43,YNSVTV,Y,FF,HH,T,Bacteria,Pseudomonadota,Gammaproteobacteria,E,,
1010,A0A0T7FAP8,YNSVAI,Y,FF,HH,S,Bacteria,Pseudomonadota,Alphaproteobacteria,E,,
1011,A0A3E2TW06,EATFTS,E,FF,HH,N,Bacteria,Bacillota,Clostridia,E,,
1012,W0E077,ENDFTA,E,FF,HH,N,Bacteria,Pseudomonadota,Gammaproteobacteria,E,,
1013,A0KPE9,YNSMGV,Y,FF,HH,S,Bacteria,Pseudomonadota,Gammaproteobacteria,E,,
1014,R7PZ71,YNNTAS,Y,FF,HH,S,Archaea,Methanobacteriota,Methanobacteria,G,,
1015,A0A0A1ZMZ9,ENVFTS,E,FF,HH,N,Bacteria,Cyanobacteriota,Cyanophyceae,E,,
1016,A0AA40J491,YNSMAV,Y,FF,HH,S,Bacteria,Pseudomonadota,Gammaproteobacteria,E,,
1017,D3S2L0,YNNMAT,Y,FF,HH,T,Archaea,Methanobacteriota,Archaeoglobi,E,,
1018,A0A373FQ71,YNSVAV,Y,FF,HH,S,Bacteria,Pseudomonadota,Betaproteobacteria,E,,
1019,A0A0A2C6L1,ENVFTS,E,FF,HH,N,Bacteria,Cyanobacteriota,Cyanophyceae,E,,
1020,Q7W7D3,YNSVAV,Y,FF,HH,S,Bacteria,Pseudomonadota,Betaproteobacteria,E,,
1021,A0A165K0X5,ENTVTS,E,FF,HH,N,Bacteria,Bacillota,Bacilli,E,,
1022,A0A2S5X482,YSSMAS,Y,FF,HH,S,Bacteria,Actinomycetota,Actinomycetes,D,,
1023,R9GM11,YNSTGV,Y,FF,HH,I,Bacteria,Bacteroidota,Sphingobacteriia,G,,
1024,Q0G0A3,ENLYSS,E,FF,HH,N,Bacteria,Pseudomonadota,Alphaproteobacteria,E,,
1025,D4GLQ6,YNSMGV,Y,FF,HH,S,Bacteria,Pseudomonadota,Gammaproteobacteria,E,,
1026,E7RJZ0,ENTVTS,E,FF,HH,N,Bacteria,Bacillota,Bacilli,E,,
1027,F8IJE0,YNTTAV,Y,FF,HH,A,Bacteria,Bacillota,Bacilli,E,,
1028,A0A1V2XMU9,YNATAC,Y,FF,HH,S,Bacteria,Pseudomonadota,Betaproteobacteria,D,,
1029,Q7TNN9,M---CF,M,FF,HH,N,Eukaryota,Chordata,Mammalia,G,,
1030,A0A1G5RZU9,ENTVTS,E,FF,HH,N,Bacteria,Bacillota,Clostridia,E,,
1031,A0A2N6K4Y5,YNNTAS,Y,FF,HH,T,Bacteria,Cyanobacteriota,Cyanophyceae,-,,
1032,B0SLB7,YKSTAS,Y,FF,HH,S,Bacteria,Spirochaetota,Spirochaetia,E,,
1033,A0A251YFS0,YSSMAS,Y,FF,HH,S,Bacteria,Actinomycetota,Actinomycetes,D,,
1034,B9WDK0,YSSMAA,Y,FF,EH,S,Eukaryota,Ascomycota,Pichiomycetes,E,,
1035,Q7N0M6,YNSLAI,Y,FF,HH,S,Bacteria,Pseudomonadota,Gammaproteobacteria,E,,
1036,A0A0M2LU39,YNSVSV,Y,FF,HH,S,Bacteria,Pseudomonadota,Alphaproteobacteria,E,,
1037,F4B548,YYNSVA,Y,FF,HH,S,Archaea,Thermoproteota,Thermoprotei,E,,
1038,D6Z5V9,ENIITS,E,FF,HH,N,Bacteria,Thermodesulfobacteriota,Desulfobulbia,E,,
1039,A0A4R2M206,YNSVGV,Y,FF,HH,S,Bacteria,Pseudomonadota,Betaproteobacteria,E,,
1040,A0A1E2SKM1,SGRASG,S,LL,#NAME?,C,Bacteria,Actinomycetota,Actinomycetes,S,,
1041,A0A127JTU2,YNSVAV,Y,FF,HH,S,Bacteria,Pseudomonadota,Betaproteobacteria,E,,
1042,A0A212AV03,YNSVAV,Y,FF,HH,S,Bacteria,Pseudomonadota,Alphaproteobacteria,E,,
1043,G4QHD2,ENDFTS,E,FF,HH,N,Bacteria,Pseudomonadota,Gammaproteobacteria,E,,
1044,A0A021VMC6,YSNMAS,Y,FF,HH,S,Bacteria,Actinomycetota,Actinomycetes,D,,
1045,A0A2J7TJ33,YNSVAI,Y,FF,HH,S,Bacteria,Pseudomonadota,Alphaproteobacteria,E,,
1046,G7WDB5,#NAME?,E,FF,HH,N,Bacteria,Bacillota,Clostridia,E,,
1047,Q6BK68,YSTMCF,Y,MF,HH,S,Eukaryota,Ascomycota,Pichiomycetes,E,,
1048,Q1K3N8,ENDFTS,E,FF,HH,N,Bacteria,Thermodesulfobacteriota,Desulfuromonadia,E,,
1049,A0AA91Q161,YSSMAA,Y,FF,EH,S,Eukaryota,Ascomycota,Pichiomycetes,E,,
1050,A0NJ07,#NAME?,-,FF,HH,N,Bacteria,Bacillota,Bacilli,G,,
1051,A0A316BQ38,YNSVAI,Y,FF,HH,S,Bacteria,Pseudomonadota,Alphaproteobacteria,E,,
1052,A0A377PLP5,YKSLGV,Y,FF,HH,S,Bacteria,Pseudomonadota,Gammaproteobacteria,E,,
1053,W7QGM4,ENDFTS,E,FF,HH,N,Bacteria,Pseudomonadota,Gammaproteobacteria,E,,
1054,A0A015YIP3,ENDFTS,E,FF,HH,N,Bacteria,Bacteroidota,Bacteroidia,E,,
1055,A0A060UWC8,YWNSIA,Y,FF,HH,N,Bacteria,Pseudomonadota,Acidithiobacillia,G,,
1056,A0A1I4ZIZ6,YNATAC,Y,FF,HH,S,Bacteria,Pseudomonadota,Betaproteobacteria,E,,
1057,A0A264VQM8,YNSLAI,Y,FF,HH,S,Bacteria,Pseudomonadota,Gammaproteobacteria,E,,
1058,A9AUR8,YNSTAS,Y,FF,HH,A,Bacteria,Chloroflexota,Chloroflexia,E,,
1059,A0A1W5PRD1,M---LF,M,FF,HH,N,Eukaryota,Chordata,Myxini,G,Detoxification,Only Rh
1060,A0A0E3BR91,YNSVAV,Y,FF,HH,S,Bacteria,Pseudomonadota,Betaproteobacteria,E,,
1061,A0A1B0ZRL8,ENLFSS,E,FF,HH,N,Bacteria,Pseudomonadota,Alphaproteobacteria,E,,
1062,B9ACS5,YNNTAS,Y,FF,HH,S,Archaea,Methanobacteriota,Methanobacteria,G,,
1063,Q92BJ7,YNSTAS,Y,FF,HH,S,Bacteria,Bacillota,Bacilli,E,,
1064,F2JTN3,ENLFSS,E,FF,HH,N,Bacteria,Pseudomonadota,Gammaproteobacteria,E,,
1065,A1AVV2,YNSIAI,Y,FF,HH,T,Bacteria,Pseudomonadota,Gammaproteobacteria,E,,
1066,D2Q0J8,YSNMAS,Y,FF,HH,S,Bacteria,Actinomycetota,Actinomycetes,D,,
1067,A0A3S9N9F3,YNATAC,Y,FF,HH,S,Bacteria,Pseudomonadota,Betaproteobacteria,D,,
1068,A8ZQD5,ENDFTS,E,FF,HH,N,Bacteria,Cyanobacteriota,Cyanophyceae,E,,
1069,C3X831,YNSVAV,Y,FF,HH,S,Bacteria,Pseudomonadota,Betaproteobacteria,E,,
1070,A0A1M6BPM0,YNGTAT,Y,FF,HH,S,Bacteria,Thermodesulfobacteriota,Desulfobacteria,E,,
1071,A0A8F5VN39,YNSMAT,Y,FF,HH,S,Archaea,Methanobacteriota,Methanomicrobia,E,,
1072,A0A1E5C7W4,EIDFAS,E,FF,HH,N,Bacteria,Pseudomonadota,Gammaproteobacteria,E,,
1073,A0A2S5WV24,YSSMAS,Y,FF,HH,S,Bacteria,Actinomycetota,Actinomycetes,D,,
1074,A0A833GZR2,ENDFTS,E,FF,HH,N,Bacteria,Spirochaetota,Spirochaetia,E,,
1075,C7M2A9,YWNILL,Y,FF,HH,N,Bacteria,Actinomycetota,Acidimicrobiia,G,,
1076,A6W7U2,YSNMAS,Y,FF,HH,S,Bacteria,Actinomycetota,Actinomycetes,-,,
1077,W0JIB3,ENTWTS,E,FF,HH,N,Archaea,Methanobacteriota,Halobacteria,G,,
1078,Q07UM3,YNSVAV,Y,FF,HH,S,Bacteria,Pseudomonadota,Alphaproteobacteria,E,,
1079,A0A066ZRQ5,ENDFTS,E,FF,HH,N,Bacteria,Pseudomonadota,Gammaproteobacteria,E,,
1080,S0G181,ENIITS,E,FF,HH,N,Bacteria,Thermodesulfobacteriota,Desulfobacteria,E,,
1081,D3PAH1,YNNTAS,Y,FF,HH,S,Bacteria,Deferribacterota,Deferribacteres,E,,
1082,Q4WHC6,YSSMAM,Y,FF,EH,S,Eukaryota,Ascomycota,Eurotiomycetes,E,,
1083,A0AA94HTL8,YRSTAS,Y,FF,HH,S,Bacteria,Thermodesulfobacteriota,Desulfovibrionia,E,,
1084,D5ASL9,YNSVAV,Y,FF,HH,S,Bacteria,Pseudomonadota,Alphaproteobacteria,E,,
1085,A0A4U1JNL6,YSSIAL,Y,FF,HH,T,Bacteria,Pseudomonadota,Alphaproteobacteria,E,,
1086,M0MDP9,ENTWTS,E,FF,HH,N,Archaea,Methanobacteriota,Halobacteria,G,,
1087,A0A653N397,YNSVAV,Y,FF,HH,S,Bacteria,Pseudomonadota,Gammaproteobacteria,E,,
1088,A0A2S8GSU9,YNSVAC,Y,FF,HH,S,Bacteria,Planctomycetota,Planctomycetia,E,,
1089,A0A097R891,YKSLGV,Y,FF,HH,S,Bacteria,Pseudomonadota,Gammaproteobacteria,E,,
1090,A0A8H7U3I1,YSSLAM,Y,FF,EH,S,Eukaryota,Basidiomycota,Agaricomycetes,E,,
1091,A0A1H1MB73,YSSMAS,Y,FF,HH,S,Bacteria,Actinomycetota,Actinomycetes,D,,
1092,A0A016XDZ5,YKSMAS,Y,FF,HH,S,Bacteria,Pseudomonadota,Betaproteobacteria,D,,
1093,A0A1B9JHS5,YNSMCL,Y,FF,HH,S,Bacteria,Pseudomonadota,Gammaproteobacteria,E,,
1094,D3PE53,YKSTAS,Y,FF,HH,S,Bacteria,Deferribacterota,Deferribacteres,E,,
1095,A0A9J9BAE8,ENLFSS,E,FF,HH,N,Bacteria,Pseudomonadota,Gammaproteobacteria,E,,
1096,Q2RM12,YNGIAT,Y,FF,HH,S,Bacteria,Bacillota,Clostridia,E,,
1097,A0A3N0AQL8,YNNTAT,Y,FF,HH,T,Bacteria,Actinomycetota,Coriobacteriia,G,,
1098,C5KTM6,ENDVTS,E,FF,HH,N,Eukaryota,Perkinsozoa,,E,,
1099,M1P5F0,ENLYSS,E,FF,HH,N,Bacteria,Thermodesulfobacteriota,Desulfobulbia,E,,
1100,I1YG38,EIDFAS,E,FF,HH,N,Bacteria,Pseudomonadota,Gammaproteobacteria,E,,
1101,A0A660CH85,YSNMAA,Y,FF,HH,S,Bacteria,Actinomycetota,Actinomycetes,D,,
1102,A0A2N7L7C8,EIDFAS,E,FF,HH,N,Bacteria,Pseudomonadota,Gammaproteobacteria,E,,
1103,Q5KZZ9,EQSFAW,E,FF,HH,N,Bacteria,Bacillota,Bacilli,E,,
1104,M1NZT5,ENLYSS,E,FF,HH,N,Bacteria,Thermodesulfobacteriota,Desulfobulbia,E,,
1105,A0A225CMT8,YSSMAS,Y,FF,HH,S,Bacteria,Actinomycetota,Actinomycetes,D,,
1106,A0A068NV61,ENMET-,E,FF,HH,N,Bacteria,Armatimonadota,Fimbriimonadia,-,,
1107,H2CJI0,ENDFTS,E,FF,HH,N,Bacteria,Spirochaetota,Spirochaetia,E,,
1108,B0DU93,YSSLGV,Y,FF,EH,S,Eukaryota,Basidiomycota,Agaricomycetes,E,,
1109,Q221S8,YNSVTV,Y,FF,HH,S,Bacteria,Pseudomonadota,Betaproteobacteria,E,,
1110,F4Y3C5,ENVFTS,E,FF,HH,N,Bacteria,Cyanobacteriota,Cyanophyceae,E,,
1111,Q94CJ2,M---MF,M,FF,HH,N,Eukaryota,Chlorophyta,Chlorophyceae,G,,
1112,M0D3Q9,ENTWTS,E,FF,HH,N,Archaea,Methanobacteriota,Halobacteria,G,,
1113,A0A3P2A7W8,YNSTAS,Y,FF,HH,S,Bacteria,Pseudomonadota,Betaproteobacteria,E,,
1114,C0GKN4,ENDFTS,E,FF,HH,N,Bacteria,Bacillota,Dethiobacteria,E,,
1115,Q7T3R4,M---LY,M,FF,HH,N,Eukaryota,Chordata,Actinopteri,G,Detoxification,Only Rh
1116,A0A562USB9,ENLYSS,E,FF,HH,N,Bacteria,Pseudomonadota,Alphaproteobacteria,E,,
1117,A2SS52,YNSVAV,Y,FF,HH,S,Archaea,Methanobacteriota,Methanomicrobia,E,,
1118,A0A211ZGL5,YNSIAV,Y,FF,HH,S,Bacteria,Pseudomonadota,Alphaproteobacteria,D,,
1119,A0A4V3ALP8,YNSVAV,Y,FF,HH,S,Bacteria,Pseudomonadota,Gammaproteobacteria,E,,
1120,A0A147GP06,YNSVCV,Y,FF,HH,S,Bacteria,Pseudomonadota,Betaproteobacteria,E,,
1121,H2IZ00,YNSMAV,Y,FF,HH,S,Bacteria,Pseudomonadota,Gammaproteobacteria,E,,
1122,Q45HK8,YNSVAI,Y,FF,HH,S,Bacteria,Pseudomonadota,Betaproteobacteria,E,,
1123,A0A6C8LST1,YNSMGV,Y,FF,HH,S,Bacteria,Pseudomonadota,Gammaproteobacteria,E,,
1124,A0A257T8W6,YWNSIA,Y,FF,HH,N,Bacteria,Pseudomonadota,Acidithiobacillia,G,,
1125,Q5P470,YNSVAV,Y,FF,HH,S,Bacteria,Pseudomonadota,Betaproteobacteria,E,,
1126,I5AZQ4,YNNTAL,Y,FF,HH,S,Bacteria,Thermodesulfobacteriota,Desulfobacteria,D,,
1127,Q07UM1,YNATAA,Y,FF,HH,S,Bacteria,Pseudomonadota,Alphaproteobacteria,D,,
1128,E5B358,YNSMGV,Y,FF,HH,S,Bacteria,Pseudomonadota,Gammaproteobacteria,E,,
1129,A0A1Y4L5P0,ENDFTS,E,FF,HH,N,Bacteria,Bacillota,Clostridia,E,,
1130,Q3AFY9,YNNTAS,Y,FF,HH,T,Bacteria,Bacillota,Clostridia,-,,
1131,B0BZN3,ENVFTS,E,FF,HH,N,Bacteria,Cyanobacteriota,Cyanophyceae,E,,
1132,A0A1Q2C7H7,YNNTAT,Y,FF,HH,T,Bacteria,Bacillota,Clostridia,-,,
1133,A0A4R5U5V1,YNSVAV,Y,FF,HH,S,Bacteria,Pseudomonadota,Gammaproteobacteria,E,,
1134,H6LKX6,ENDFTS,E,FF,HH,N,Bacteria,Bacillota,Clostridia,-,,
1135,A0A1Y0UZX2,YNATAS,Y,FF,HH,S,Bacteria,Pseudomonadota,Alphaproteobacteria,E,,
1136,F6BEI0,ENDWTS,E,FF,HH,N,Archaea,Methanobacteriota,Methanococci,E,,
1137,M9RKT6,ENLFSS,E,FF,HH,N,Bacteria,Pseudomonadota,Alphaproteobacteria,E,,
1138,A7SGD4,ENDVTS,E,FL,HH,R,Eukaryota,Cnidaria,Anthozoa,E,,
1139,A0A257TE48,EIDFAS,E,FF,HH,N,Bacteria,Pseudomonadota,Acidithiobacillia,E,,
1140,R1FI09,ENDATS,E,FF,HH,N,Eukaryota,Haptophyta,,E,,
1141,E4N1T5,YHMMAS,Y,FF,EH,S,Bacteria,Actinomycetota,Actinomycetes,-,,
1142,U1PIR6,ENDWTS,E,FF,HH,N,Archaea,Methanobacteriota,Halobacteria,G,,
1143,F2JYR9,ENALSS,E,FF,HH,S,Bacteria,Pseudomonadota,Gammaproteobacteria,E,,
1144,Q84KJ7,YWNSVA,Y,FF,HH,Q,Eukaryota,Streptophyta,Magnoliopsida,G,,
1145,A0A2S8FTB5,ENDFTS,E,FF,HH,N,Bacteria,Planctomycetota,Planctomycetia,E,,
1146,D2R647,ENDMTS,E,FF,HH,N,Bacteria,Planctomycetota,Planctomycetia,G,,
1147,G9Y5B0,YKSLGV,Y,FF,HH,S,Bacteria,Pseudomonadota,Gammaproteobacteria,E,,
1148,A0A144NLT9,YKSMGV,Y,FF,HH,S,Bacteria,Pseudomonadota,Gammaproteobacteria,E,,
1149,A0A5J6WQU1,ENLYSS,E,FF,HH,N,Bacteria,Pseudomonadota,Gammaproteobacteria,E,,
1150,D2R355,YNGVAC,Y,FF,HH,S,Bacteria,Planctomycetota,Planctomycetia,E,,
1151,F3ZYD6,ENDFTS,E,FF,HH,N,Bacteria,Bacillota,Clostridia,E,,
1152,B0SL05,ENVFTS,E,FF,HH,N,Bacteria,Spirochaetota,Spirochaetia,E,,
1153,A0A5A7MAJ9,YNSVAV,Y,FF,HH,S,Bacteria,Pseudomonadota,Betaproteobacteria,E,,
1154,A0A977NL43,YNNTAV,Y,FF,HH,S,Archaea,Nitrososphaerota,Nitrososphaeria,E,,
1155,A0A433ZQ80,YNSVAT,Y,FF,HH,S,Bacteria,Pseudomonadota,Gammaproteobacteria,E,,
1156,A0A1Y0V4A5,Y---VL,Y,FF,HH,S,Bacteria,Pseudomonadota,Alphaproteobacteria,E,,
1157,A0A1M7UEG2,YSNMAS,Y,FF,HH,S,Bacteria,Actinomycetota,Actinomycetes,D,,
1158,G8R7U9,YNSTAT,Y,FF,HH,I,Bacteria,Bacteroidota,Flavobacteriia,G,,
1159,K1LDP0,ENIPTS,E,FF,HH,N,Bacteria,Bacteroidota,Cytophagia,E,,
1160,B7G0Y4,CNDATA,C,FF,HH,N,Eukaryota,Bacillariophyta,Bacillariophyceae,E,,
1161,A0A2W4ZXC0,YKSTAT,Y,FF,HH,V,Bacteria,Bdellovibrionota,Bdellovibrionia,-,,
1162,B3PF77,ENMFSS,E,FF,HH,N,Bacteria,Pseudomonadota,Gammaproteobacteria,E,,
1163,Q2KZK9,YNSVAV,Y,FF,HH,S,Bacteria,Pseudomonadota,Betaproteobacteria,E,,
1164,Q18ES8,ENDWTS,E,FF,HH,N,Archaea,Methanobacteriota,Halobacteria,G,,
1165,D3F545,EVNFAW,E,FF,HH,N,Bacteria,Actinomycetota,Thermoleophilia,E,,
1166,B4S394,YKGTAA,Y,FF,HH,S,Bacteria,Chlorobiota,Chlorobiia,E,,
1167,Q1Q357,ENDTTT,E,FF,HH,T,Bacteria,Planctomycetota,Brocadiia,E,Sensing,Only Amt
1168,Q9H310,M---LF,M,FF,HH,N,Eukaryota,Chordata,Mammalia,G,Detoxification,Only Rh
1169,D3PKL4,YNNTAS,Y,FF,HH,T,Bacteria,Deinococcota,Deinococci,E,,
1170,M5SY07,YNSVAC,Y,FF,HH,S,Bacteria,Planctomycetota,Planctomycetia,E,,
1171,Q8RUT6,CNDATS,C,FF,HH,N,Eukaryota,Chlorophyta,Chlorophyceae,E,,
1172,A7NKH2,ENDFTS,E,FF,HH,N,Bacteria,Chloroflexota,Chloroflexia,E,,
1173,Q1Q879,ENLFSS,E,FF,HH,N,Bacteria,Pseudomonadota,Gammaproteobacteria,E,,
1174,A0A1B9M5B8,YNSMCP,Y,FF,HH,S,Bacteria,Pseudomonadota,Gammaproteobacteria,E,,
1175,A6LRS5,YKSIAS,Y,FF,EH,S,Bacteria,Bacillota,Clostridia,E,,
1176,J2ZGN6,ENTWTS,E,FF,HH,N,Archaea,Methanobacteriota,Halobacteria,G,,
1177,V5E0F3,YNSVAV,Y,FF,HH,T,Bacteria,Pseudomonadota,Gammaproteobacteria,E,,
1178,A0A149RQX0,YNATAS,Y,FF,HH,S,Bacteria,Pseudomonadota,Alphaproteobacteria,E,,
1179,A0A165BP25,YKSMGV,Y,FF,HH,S,Bacteria,Pseudomonadota,Gammaproteobacteria,E,,
1180,C0QSY0,YNNTAS,Y,FF,HH,S,Bacteria,Aquificota,Aquificia,E,,
1181,B0XVV6,YSSMAM,Y,FF,EH,S,Eukaryota,Ascomycota,Eurotiomycetes,E,,
1182,E0SD83,YKSMGI,Y,FF,HH,S,Bacteria,Pseudomonadota,Gammaproteobacteria,E,,
1183,A8HSA2,CTDATA,C,FF,HH,N,Eukaryota,Chlorophyta,Chlorophyceae,E,,
1184,A0A1E3PSK5,YSSMAM,Y,FF,EH,S,Eukaryota,Ascomycota,Dipodascomycetes,E,,
1185,A5DYQ2,YSSMAA,Y,FF,EH,S,Eukaryota,Ascomycota,Pichiomycetes,E,,
1186,A0A4U1K1W1,YNSLAV,Y,FF,HH,T,Bacteria,Pseudomonadota,Alphaproteobacteria,E,,
1187,Q0AT01,ENLYSS,E,FF,HH,N,Bacteria,Pseudomonadota,Alphaproteobacteria,E,,
1188,A4FMG0,YGNMAS,Y,FF,HH,S,Bacteria,Actinomycetota,Actinomycetes,D,,
1189,C3YB73,ENDVTS,E,FF,HH,N,Eukaryota,Chordata,Leptocardii,E,,
1190,A0A9P3CXY2,YKSTAS,Y,FF,HH,S,Bacteria,Pseudomonadota,Gammaproteobacteria,-,,
1191,A0A0L8BVU4,YNSVAI,Y,FF,HH,S,Bacteria,Pseudomonadota,Alphaproteobacteria,E,,
1192,A0A401WUW1,YNATAS,Y,FF,HH,S,Bacteria,Pseudomonadota,Alphaproteobacteria,E,,
1193,I4C9L2,YNSTAS,Y,FF,HH,S,Bacteria,Thermodesulfobacteriota,Desulfomonilia,E,,
1194,Q8RUE9,M---MF,M,FF,HH,N,Eukaryota,Chlorophyta,Chlorophyceae,G,,
1195,F0JGZ1,YNATAT,Y,FF,HH,S,Bacteria,Thermodesulfobacteriota,Desulfovibrionia,E,,
1196,A0A2I0UUY1,ENTITS,E,FF,HH,N,Bacteria,Bacillota,Bacilli,E,,
1197,A0A542XGT4,YGNMAS,Y,FF,HH,S,Bacteria,Actinomycetota,Actinomycetes,D,,
1198,G0JRH4,YNATAV,Y,FF,HH,S,Bacteria,Pseudomonadota,Acidithiobacillia,E,,
1199,A2SPS8,YKSTAT,Y,FF,HH,S,Archaea,Methanobacteriota,Methanomicrobia,G,,
1200,A0A5M4AWD2,ENDFTS,E,FF,HH,N,Bacteria,Bacteroidota,Bacteroidia,E,,
1201,Q6QH01,CTDATA,C,FF,HH,N,Eukaryota,Chlorophyta,Chlorophyceae,E,,
1202,D3F0Z1,EINFAW,E,FF,HH,N,Bacteria,Actinomycetota,Thermoleophilia,E,,
1203,A6XBM2,M---LF,M,FF,HH,N,Eukaryota,Chordata,Actinopteri,G,Detoxification,Only Rh
1204,D6E7B3,YNNTAT,Y,FF,HH,T,Bacteria,Actinomycetota,Coriobacteriia,G,,
1205,Q13E03,YNSVAV,Y,FF,HH,S,Bacteria,Pseudomonadota,Alphaproteobacteria,E,,
1206,A0A060URB8,YNATAV,Y,FF,HH,S,Bacteria,Pseudomonadota,Acidithiobacillia,E,,
1207,A0A2T1N7R1,ENIITS,E,FF,HH,N,Bacteria,Bacteroidota,Flavobacteriia,E,,
1208,D6TCH6,YN-VAI,Y,FF,HH,T,Bacteria,Chloroflexota,Ktedonobacteria,E,,
1209,B0CXH8,YNSMMV,Y,FF,HH,S,Eukaryota,Basidiomycota,Agaricomycetes,E,,
1210,A3TVQ9,ENLYSS,E,FF,HH,N,Bacteria,Pseudomonadota,Alphaproteobacteria,E,,
1211,Q4WT12,YSSLAV,Y,FF,HH,S,Eukaryota,Ascomycota,Eurotiomycetes,E,,
1212,C7QGX3,YSNMAS,Y,FF,HH,S,Bacteria,Actinomycetota,Actinomycetes,-,,
1213,F0Y9X3,ENDITS,E,FF,HH,N,Eukaryota,,Pelagophyceae,E,,
1214,A0A7S0D560,YNSVAV,Y,FF,HH,T,Eukaryota,Chlorophyta,Mamiellophyceae,E,,
1215,A0A160KTE9,YSSMAS,Y,FF,HH,S,Bacteria,Actinomycetota,Actinomycetes,-,,
1216,A0A2H1HV86,YSNMAA,Y,FF,HH,S,Bacteria,Actinomycetota,Actinomycetes,D,,
1217,A0A251Y3N4,YSSMAS,Y,FF,HH,S,Bacteria,Actinomycetota,Actinomycetes,D,,
1218,A0A419AVL2,YNSMAV,Y,FF,HH,S,Bacteria,Pseudomonadota,Gammaproteobacteria,E,,
1219,A0A4Q2QWS1,YNSMGV,Y,FF,HH,S,Bacteria,Pseudomonadota,Gammaproteobacteria,E,,
1220,C7Q1E4,YSNMAS,Y,FF,EH,S,Bacteria,Actinomycetota,Actinomycetes,D,,
1221,A0A5C5TYS5,YNSVAV,Y,FF,HH,S,Bacteria,Pseudomonadota,Gammaproteobacteria,E,,
1222,F2NNQ0,YKNTAS,Y,FF,HH,T,Bacteria,Deinococcota,Deinococci,E,,
1223,A0A2R4TRE0,YNSVGV,Y,FF,HH,S,Bacteria,Pseudomonadota,Gammaproteobacteria,E,,
1224,K9YJQ3,ENVFTS,E,FF,HH,N,Bacteria,Cyanobacteriota,Cyanophyceae,E,,
1225,D9QS43,EADVTS,E,FF,HH,N,Bacteria,Bacillota,Clostridia,E,,
1226,A7SQ16,ENDVTS,E,FF,HH,T,Eukaryota,Cnidaria,Anthozoa,E,,
1227,A1DG05,YSSMAM,Y,FF,EH,S,Eukaryota,Ascomycota,Eurotiomycetes,E,,
1228,U1SIR9,YAHMAS,Y,FF,HH,S,Bacteria,Actinomycetota,Actinomycetes,E,,
1229,C4Y298,YSSMAA,Y,FF,EH,S,Eukaryota,Ascomycota,Pichiomycetes,E,,
1230,A0A9W3LFI9,YNSMGV,Y,FF,HH,S,Bacteria,Pseudomonadota,Gammaproteobacteria,E,,
1231,D3RMV7,YNSVAV,Y,FF,HH,T,Bacteria,Pseudomonadota,Gammaproteobacteria,E,,
1232,F3QNA7,YNSVAC,Y,FF,HH,S,Bacteria,Pseudomonadota,Betaproteobacteria,E,,
1233,E4RTK5,YNSTAT,Y,FF,HH,I,Bacteria,Bacteroidota,Cytophagia,-,,
1234,C8XBX8,YSNMAS,Y,FF,HH,S,Bacteria,Actinomycetota,Actinomycetes,D,,
1235,C0QTA4,YSNTAA,Y,FF,HH,T,Bacteria,Aquificota,Aquificia,E,,
1236,E6VIW4,YNSVAV,Y,FF,HH,S,Bacteria,Pseudomonadota,Alphaproteobacteria,E,,
1237,A0A2S6H643,YNSMAV,Y,FF,HH,S,Bacteria,Pseudomonadota,Gammaproteobacteria,E,,
1238,Q46HB1,ENVFTS,E,FF,HH,N,Bacteria,Cyanobacteriota,Cyanophyceae,E,,
1239,A0A2S5CTX8,ENTITS,E,FF,HH,N,Bacteria,Bacillota,Bacilli,E,,
1240,A0A1T4SF40,YNATAA,Y,FF,HH,S,Bacteria,Pseudomonadota,Alphaproteobacteria,E,,
1241,K0K7J4,YSNMAS,Y,FF,HH,S,Bacteria,Actinomycetota,Actinomycetes,D,,
1242,A0A1J5JH24,YNGIAT,Y,FF,HH,S,Bacteria,Bacillota,Clostridia,-,,
1243,Q6LMI6,ENLYSS,E,FF,HH,N,Bacteria,Pseudomonadota,Gammaproteobacteria,E,,
1244,A0A9W5JBA9,YNSMGV,Y,FF,HH,S,Bacteria,Pseudomonadota,Gammaproteobacteria,E,,
1245,A0A291PMC6,YNATAS,Y,FF,HH,S,Bacteria,Pseudomonadota,Alphaproteobacteria,E,,
1246,A0A4Y4DZN4,YSNMAS,Y,FF,HH,S,Bacteria,Actinomycetota,Actinomycetes,D,,
1247,A0A2R4MBA2,YNSVAV,Y,FF,HH,T,Bacteria,Pseudomonadota,Alphaproteobacteria,E,,
1248,R9PI53,ENLYSS,E,FF,HH,N,Bacteria,Pseudomonadota,Gammaproteobacteria,E,,
1249,A0A6H9GLV4,ENVFTS,E,FF,HH,N,Bacteria,Cyanobacteriota,Cyanophyceae,E,,
1250,A0A7S4GND2,ENVVTS,E,FF,HH,N,Eukaryota,,Dinophyceae,E,,
1251,A0A6H9FPY5,ENVFTS,E,FF,HH,N,Bacteria,Cyanobacteriota,Cyanophyceae,E,,
1252,A0A1G7DX68,YNSVAV,Y,FF,HH,S,Bacteria,Pseudomonadota,Alphaproteobacteria,E,,
1253,A0A075WEB4,YNSTAV,Y,FF,HH,S,Archaea,Methanobacteriota,Archaeoglobi,E,,
1254,A0A140NHJ5,YNALAV,Y,FF,HH,S,Bacteria,Pseudomonadota,Gammaproteobacteria,E,,
1255,A0A1C6Z081,YKSLGV,Y,FF,HH,S,Bacteria,Pseudomonadota,Gammaproteobacteria,E,,
1256,Q5FA36,YNSTAT,Y,FF,HH,S,Bacteria,Pseudomonadota,Betaproteobacteria,E,,
1257,Q0ACK1,ENLYSS,E,FF,HH,N,Bacteria,Pseudomonadota,Gammaproteobacteria,E,,
1258,A0A975GIX9,YNNTAL,Y,FF,HH,S,Bacteria,Thermodesulfobacteriota,Desulfobacteria,D,,
1259,A0A323UE08,YNSVAV,Y,FF,HH,S,Bacteria,Pseudomonadota,Alphaproteobacteria,E,,
1260,U7VB41,YKTLPT,Y,FF,HH,V,Bacteria,Fusobacteriota,Fusobacteriia,-,,
1261,A0A063Y780,ENLYSS,E,FF,HH,N,Bacteria,Pseudomonadota,Gammaproteobacteria,E,,
1262,C5CIT6,Y---AT,Y,FF,HH,T,Bacteria,Thermotogota,Thermotogae,-,,
1263,A0A0A2VPU3,YSQLAI,Y,FF,HH,S,Eukaryota,Ascomycota,Sordariomycetes,D,,
1264,F0RHS0,ENDLTS,E,FF,HH,N,Bacteria,Bacteroidota,Flavobacteriia,G,,
1265,A0A2S5WX34,YSSMAS,Y,FF,HH,S,Bacteria,Actinomycetota,Actinomycetes,D,,
1266,C1G973,YSSMAV,Y,FF,EH,S,Eukaryota,Ascomycota,Eurotiomycetes,E,,
1267,A0A2S6GKF6,YNSMAV,Y,FF,HH,S,Bacteria,Pseudomonadota,Gammaproteobacteria,E,,
1268,A0A0A2B651,ENVFTS,E,FF,HH,N,Bacteria,Cyanobacteriota,Cyanophyceae,E,,
1269,A0A4R3A5P7,YNSVAI,Y,FF,HH,S,Bacteria,Pseudomonadota,Alphaproteobacteria,E,,
1270,A0A2A7U6W1,YNSLAV,Y,FF,HH,S,Bacteria,Pseudomonadota,Gammaproteobacteria,E,,
1271,Q2GX26,YSALAI,Y,FF,HH,S,Eukaryota,Ascomycota,Sordariomycetes,D,,
1272,F5XN43,YSNMAS,Y,FF,HH,S,Bacteria,Actinomycetota,Actinomycetes,D,,
1273,A0A0K2STH0,ENVVTS,E,FF,HH,N,Eukaryota,,Dinophyceae,E,,
1274,A0A1H1U2Q6,YSNMAS,Y,FF,HH,S,Bacteria,Actinomycetota,Actinomycetes,D,,
1275,A7SED8,L---LY,L,FF,HH,N,Eukaryota,Cnidaria,Anthozoa,G,,
1276,A0LV78,YNAMAT,Y,FF,HH,S,Bacteria,Actinomycetota,Actinomycetes,D,,
1277,K5DBA0,ENDLTS,E,FF,HH,N,Bacteria,Planctomycetota,Planctomycetia,G,,
1278,B8IZX4,YRSTAS,Y,FF,HH,S,Bacteria,Thermodesulfobacteriota,Desulfovibrionia,E,,
1279,A8LKQ0,ENLYSS,E,FF,HH,N,Bacteria,Pseudomonadota,Alphaproteobacteria,E,,
1280,A0A5C6LWQ1,YNSTAV,Y,FF,HH,I,Bacteria,Bacteroidota,Chitinophagia,E,,